price,rooms,bathrooms,squarefootage,province,banos,aguaPotable,aireAcondicionado,areaJuegosInfantiles,areaServicio,ascensor,balcon,cisterna,controlAcceso,cuartoServicio,estarFamiliar,estudio,gazebo,gimnasio,inversor,jacuzzi,lobby,patio,picuzzi,piscina,plantaElectrica,pozo,satelite,sauna,seguridad,shutters,terraza,vestidores
74033.99999999999,1.0,2.0,71.0,0,1,0,1,0,1,1,1,1,0,0,0,0,1,0,0,1,0,0,1,1,1,0,0,1,0,1,1
74033.99999999999,1.0,2.0,71.0,0,1,0,1,0,1,1,1,1,0,0,0,0,1,0,0,1,0,0,1,1,1,0,0,1,0,1,1
137100.0,2.0,2.5,145.0,1,0,0,0,1,1,0,1,0,1,0,0,0,1,1,1,1,0,0,0,1,1,0,0,1,0,0,0
28988.724844986442,3.0,2.5,135.0,1,1,0,1,0,0,1,1,1,1,0,0,0,0,0,0,0,0,0,0,0,0,0,0,1,0,0,1
137100.0,3.0,2.5,180.0,0,0,0,0,0,1,1,1,1,1,1,0,0,0,1,0,1,0,0,0,1,1,0,0,1,0,0,0
65808.0,1.0,2.0,70.0,0,1,1,0,0,1,1,1,1,0,0,1,0,1,0,0,1,0,0,1,1,1,0,0,1,0,1,0
60324.00000000001,3.0,2.5,200.0,1,1,0,0,1,0,1,1,1,1,0,0,0,0,0,0,0,1,0,0,0,0,0,0,1,0,0,1
71292.0,3.0,2.5,130.0,0,1,1,0,0,0,0,0,0,0,0,0,0,0,0,0,0,0,0,0,0,0,0,0,1,0,0,0
65808.0,2.0,2.5,163.0,0,1,0,0,0,1,1,1,1,1,0,1,1,0,0,0,0,0,0,0,1,0,0,0,1,0,0,0
98712.0,4.0,4.5,325.0,1,1,1,0,0,1,1,1,1,1,1,0,0,0,0,0,1,0,0,0,1,1,0,0,1,0,1,1
65808.0,1.0,2.0,70.0,0,1,1,0,0,1,1,1,1,0,0,1,0,1,0,0,1,0,0,1,1,1,0,0,1,0,1,0
28988.724844986442,3.0,2.5,135.0,1,1,0,1,0,0,1,1,1,1,0,0,0,0,0,0,0,0,0,0,0,0,0,0,1,0,0,1
87744.0,3.0,2.5,147.0,0,1,0,0,0,1,1,1,0,0,0,0,0,0,0,0,0,0,0,0,1,1,0,0,1,0,1,0
41130.0,2.0,2.5,130.0,1,1,0,0,1,1,0,1,0,1,0,0,0,0,0,0,0,0,0,0,1,1,0,0,1,0,0,0
98712.0,1.0,1.5,76.0,1,0,0,0,0,1,0,0,1,0,0,0,0,1,0,0,1,0,0,1,1,0,0,0,1,0,1,0
142584.0,2.0,2.5,116.0,1,1,1,1,1,1,1,1,1,1,1,0,0,1,0,1,1,1,0,1,1,1,0,0,1,0,1,1
191940.0,3.0,3.5,340.0,1,1,1,0,1,1,1,1,1,1,1,1,0,0,0,0,1,0,0,0,1,0,0,0,1,0,0,1
54291.600000000006,1.0,1.0,71.0,1,1,1,0,0,1,0,1,1,0,1,0,0,1,0,0,1,0,0,1,1,1,0,0,1,0,0,1
65808.0,1.0,1.5,85.0,1,1,0,1,0,1,1,1,1,0,1,0,0,1,0,0,0,0,0,0,1,1,0,0,1,0,0,1
71292.0,1.0,1.5,78.0,1,1,1,1,0,1,1,1,1,0,1,0,0,1,0,1,1,0,0,0,1,0,0,0,1,0,0,1
98712.0,3.0,2.5,150.0,1,1,1,0,0,1,1,1,1,1,0,0,0,1,0,0,1,0,0,0,1,0,0,0,1,0,0,1
87744.0,2.0,1.5,133.0,1,1,0,0,0,0,0,0,1,0,1,1,0,1,0,1,1,0,0,0,0,0,0,0,1,0,0,0
191940.0,3.0,3.5,170.0,1,1,1,0,1,1,1,1,1,1,1,0,0,1,0,0,1,0,0,1,1,1,0,0,1,0,0,1
98712.0,2.0,2.5,130.0,1,1,0,0,0,0,1,0,1,1,1,0,0,1,0,0,1,0,0,1,0,0,0,0,1,0,1,1
71292.0,1.0,1.5,85.0,1,1,0,0,0,0,0,0,1,0,1,0,0,1,0,0,1,0,0,1,0,0,0,0,1,0,1,0
137100.0,3.0,3.5,188.0,1,1,1,1,1,1,1,1,1,1,1,0,0,1,0,0,1,0,0,0,1,1,0,0,1,0,1,1
76776.0,2.0,2.0,85.0,0,1,1,0,0,1,1,1,1,0,1,0,0,1,0,0,1,0,0,0,1,1,0,0,1,0,0,1
87744.0,2.0,2.0,118.0,1,1,1,1,1,1,1,1,1,0,1,0,0,1,0,0,1,0,0,0,1,1,0,0,1,0,0,1
65808.0,1.0,1.5,85.0,1,1,1,0,0,1,1,1,1,0,1,0,0,1,0,0,1,0,0,1,1,1,0,0,1,0,0,1
41130.0,2.0,2.5,160.0,1,1,1,1,0,0,1,1,1,1,0,0,0,0,1,0,0,0,0,0,1,1,0,0,1,0,0,0
87744.0,3.0,3.5,148.0,1,1,1,1,1,1,1,1,1,1,1,0,0,1,0,0,1,0,0,1,1,1,0,0,1,0,0,1
82260.0,1.0,1.5,100.0,1,1,1,0,1,1,1,1,1,0,1,0,1,1,0,0,1,0,0,1,1,1,0,0,1,0,0,1
79518.0,3.0,2.5,178.0,1,1,1,0,1,1,0,1,1,1,1,0,0,0,0,0,1,0,0,0,1,1,0,0,1,0,0,1
93228.0,3.0,3.5,155.0,1,0,0,0,0,0,1,1,1,1,1,0,0,1,0,0,1,0,0,1,1,1,0,0,1,0,1,1
120648.00000000001,2.0,4.5,200.0,1,1,0,0,0,0,0,1,0,0,0,0,0,0,0,0,0,0,0,0,0,1,0,0,1,0,1,1
65808.0,1.0,2.0,61.0,0,0,0,0,0,0,0,0,0,0,0,0,0,0,0,0,1,0,0,1,1,0,0,0,1,0,1,0
60324.00000000001,1.0,1.0,60.0,0,0,0,0,0,1,0,0,0,0,0,0,0,0,0,0,1,0,0,1,0,0,0,0,1,0,1,0
87744.0,1.0,2.0,90.0,0,0,0,0,0,1,1,0,0,0,0,0,0,1,0,0,1,0,0,1,1,0,0,0,1,0,0,0
60324.00000000001,1.0,1.5,82.0,0,0,0,1,0,1,0,0,0,0,0,0,0,0,0,0,1,0,0,0,1,0,0,0,1,0,0,0
137100.0,2.0,2.5,145.0,0,0,0,0,0,1,0,0,0,0,0,0,0,1,0,1,1,0,0,0,0,0,0,0,1,0,0,0
71292.0,1.0,1.5,70.0,0,0,0,0,0,0,1,0,0,0,0,0,0,1,0,0,0,0,0,1,0,0,0,0,1,0,1,0
68550.0,1.0,1.5,74.0,0,0,0,0,0,1,0,0,0,0,0,0,0,1,0,0,1,0,0,0,0,0,0,0,1,0,0,0
76776.0,1.0,2.0,76.0,0,0,1,1,0,1,0,0,0,0,0,0,0,0,0,0,1,0,0,1,1,0,0,0,1,0,1,0
76776.0,1.0,2.0,70.0,0,0,0,0,0,1,0,0,0,0,0,0,0,1,0,0,1,0,0,1,1,0,0,0,1,0,1,0
74033.99999999999,1.0,2.0,71.0,0,0,1,1,0,1,1,0,0,0,0,0,0,0,0,0,1,0,0,1,1,0,0,0,1,0,1,1
65808.0,1.0,2.0,50.0,0,0,1,0,0,1,1,0,0,0,0,0,0,1,0,1,0,0,0,1,0,0,0,0,1,0,1,0
65808.0,1.0,1.5,68.0,1,0,0,1,0,1,0,1,0,0,0,0,0,1,0,0,1,0,0,0,1,0,0,0,1,0,0,0
93228.0,1.0,2.0,83.0,0,1,0,0,0,0,0,1,0,0,0,0,0,1,0,0,0,0,0,1,0,1,0,0,1,0,1,0
159036.0,3.0,3.5,275.0,0,0,0,0,0,1,0,1,0,0,0,0,0,1,0,0,1,0,0,0,0,0,0,0,1,0,0,0
137100.0,3.0,3.5,250.0,1,1,0,0,0,0,1,1,1,1,1,0,0,0,0,0,1,0,0,0,1,0,0,0,1,0,0,1
137100.0,2.0,2.5,145.0,1,1,0,0,0,1,0,0,1,0,0,0,0,1,0,0,1,0,0,0,1,0,0,0,1,0,0,1
93228.0,3.0,3.0,177.0,0,0,0,0,0,1,0,1,0,0,0,0,0,0,0,0,1,0,0,0,1,1,0,0,1,0,0,0
49356.0,1.0,1.5,60.0,0,0,0,0,0,1,0,1,0,0,0,0,0,1,0,0,1,0,0,0,0,1,0,0,1,0,0,0
71292.0,3.0,2.5,175.0,1,0,0,0,0,1,1,0,0,1,0,0,0,0,0,0,0,0,0,0,0,0,0,0,1,0,0,0
43872.0,1.0,1.5,58.0,0,0,0,0,0,1,0,1,0,0,0,0,0,0,0,0,1,0,0,0,0,1,0,0,1,0,0,0
120648.00000000001,3.0,2.5,165.0,1,1,1,1,1,1,1,0,1,1,1,0,0,1,0,1,1,0,0,1,1,1,0,0,1,0,0,1
65808.0,3.0,3.5,252.0,1,1,1,1,0,0,0,1,1,1,1,1,1,0,0,0,0,0,0,0,1,0,0,0,1,0,1,1
68550.0,2.0,2.5,137.0,1,1,1,0,1,1,1,0,1,0,0,0,0,1,0,0,0,0,0,0,1,1,0,0,1,0,0,0
68550.0,2.0,2.5,135.0,1,0,1,1,0,1,1,1,0,1,1,0,0,1,0,0,1,0,0,1,1,1,0,0,1,0,1,0
63066.00000000001,1.0,1.5,63.0,1,0,0,0,0,1,1,0,1,0,0,0,0,1,0,0,1,0,0,1,1,0,0,0,1,0,1,1
76776.0,1.0,1.5,80.0,1,0,1,1,0,1,1,0,1,0,0,0,0,1,0,0,1,0,0,1,1,0,0,0,1,0,1,0
180972.0,2.0,2.5,155.0,1,0,1,0,0,1,1,0,1,1,0,0,0,1,0,0,1,0,0,1,1,0,0,0,1,0,1,0
93228.0,1.0,1.5,76.0,1,0,1,0,0,1,0,0,0,0,0,0,0,1,0,1,1,0,0,1,0,0,1,1,1,0,0,1
52098.0,1.0,1.5,66.0,1,0,0,1,0,1,0,0,1,0,0,0,0,0,0,0,1,0,0,0,1,0,0,0,1,0,0,0
74033.99999999999,2.0,2.5,150.0,1,1,0,1,0,1,0,0,0,0,1,0,0,1,0,1,0,0,0,0,0,0,0,0,1,0,0,0
85002.0,1.0,1.5,70.0,1,0,1,0,0,1,1,0,1,0,0,0,0,1,0,0,1,0,0,1,0,0,0,0,1,0,1,0
82260.0,1.0,1.5,86.0,1,0,1,0,0,1,1,0,1,0,0,0,0,1,0,0,1,0,0,1,1,0,0,0,1,0,1,1
76776.0,1.0,1.5,101.0,1,0,1,0,0,1,1,0,1,0,0,0,0,1,0,0,1,0,0,0,1,0,0,0,1,0,1,1
52098.0,1.0,1.5,65.0,1,0,1,0,0,1,1,0,0,0,0,0,0,1,0,0,0,1,0,1,1,0,0,0,1,0,0,0
65808.0,1.0,1.5,75.0,1,1,1,1,1,1,1,1,1,0,1,0,1,1,0,0,1,0,0,1,1,1,0,1,1,1,1,1
93228.0,3.0,3.5,185.0,1,0,1,0,0,1,0,0,0,0,1,0,0,0,0,0,0,0,0,0,1,0,0,0,1,0,0,0
49356.0,1.0,1.5,75.0,1,1,1,1,1,1,1,1,1,0,1,0,1,1,0,1,1,0,0,0,1,1,0,0,1,0,1,1
98712.0,3.0,3.5,185.0,1,1,1,1,1,1,1,1,1,1,1,0,1,1,0,0,1,0,0,1,1,1,0,1,1,0,1,1
41550.50561114724,2.0,2.0,125.0,1,1,0,0,1,0,1,1,0,0,0,0,0,0,0,0,0,0,0,0,0,1,0,0,1,0,0,1
87744.0,3.0,2.5,165.0,1,1,0,0,0,1,1,1,0,1,0,0,0,0,0,0,1,0,0,0,0,0,0,0,1,0,1,1
120648.00000000001,3.0,3.5,170.0,1,0,0,1,0,1,0,1,0,1,0,0,0,1,0,0,1,0,0,0,1,1,0,0,1,0,1,0
87744.0,3.0,2.5,178.0,1,0,0,0,0,1,1,1,0,1,0,0,0,1,0,0,1,0,0,1,1,1,0,0,1,0,0,0
68550.0,1.0,1.5,60.0,1,1,1,0,0,1,0,0,1,0,0,0,0,1,0,0,1,0,0,0,1,0,0,0,1,0,0,1
126132.00000000001,3.0,2.5,205.0,1,0,0,0,0,1,1,1,0,1,0,0,0,1,0,0,1,0,0,1,1,1,0,0,1,0,0,0
71292.0,1.0,1.5,66.0,1,0,0,1,0,1,1,0,0,0,0,0,0,1,0,0,0,0,0,0,1,0,0,0,1,0,1,0
87744.0,2.0,2.5,92.0,0,0,0,0,0,1,1,1,0,1,0,0,0,1,0,0,1,0,0,1,1,0,0,0,1,0,0,0
98712.0,3.0,3.5,180.0,1,0,0,0,0,1,0,0,0,1,0,0,0,0,0,0,0,0,0,0,0,0,0,0,1,0,0,0
65808.0,3.0,3.5,225.0,1,0,0,1,0,1,1,1,1,1,0,0,0,0,0,0,1,0,0,0,1,0,0,0,1,0,1,0
126132.00000000001,3.0,2.5,205.0,1,1,1,1,0,1,1,1,0,1,0,0,0,1,0,0,1,0,0,1,1,1,0,0,1,0,1,1
71292.0,3.0,3.5,175.0,1,1,0,0,0,0,1,1,0,1,0,0,0,0,0,0,0,0,0,0,0,1,0,0,1,0,0,0
65808.0,1.0,1.0,75.0,1,1,0,1,0,1,1,0,0,0,0,0,0,1,0,0,1,0,0,0,1,0,0,0,1,0,1,1
46614.0,1.0,1.5,90.0,1,1,1,0,0,1,0,0,0,0,0,0,0,0,0,0,0,0,0,0,1,1,0,0,1,0,0,0
65808.0,2.0,2.0,250.0,1,1,0,0,0,1,1,0,0,1,0,0,0,1,0,0,1,0,0,1,1,1,0,0,1,0,0,0
65808.0,2.0,2.5,148.0,1,1,0,0,0,1,0,1,0,1,0,0,0,0,0,0,0,0,0,0,1,1,0,0,1,0,0,0
191940.0,4.0,3.5,241.0,1,1,0,1,0,1,1,0,0,1,0,0,0,1,0,0,1,0,0,1,1,0,0,0,1,0,1,0
109680.0,3.0,4.5,384.0,1,0,0,0,0,1,0,1,1,1,0,0,1,0,0,0,1,0,0,0,1,0,0,0,1,0,0,1
87744.0,3.0,2.5,165.0,1,1,0,0,0,1,1,1,0,1,0,0,0,0,0,0,1,0,0,0,0,0,0,0,1,0,1,1
76776.0,2.0,2.5,125.0,1,1,0,1,0,1,1,1,1,1,0,0,0,1,0,0,1,0,0,0,1,0,0,0,1,0,1,0
54840.0,2.0,2.0,120.0,1,1,1,0,0,1,0,0,0,0,0,0,0,0,0,0,1,0,0,0,1,0,0,0,1,0,0,0
46614.0,3.0,2.5,140.0,1,1,0,1,0,1,1,0,1,0,1,0,0,0,0,0,1,0,0,1,1,1,0,0,1,0,1,1
115164.0,2.0,2.5,135.0,1,1,1,1,0,1,1,1,1,1,0,0,0,1,0,0,1,0,0,1,1,0,0,0,1,1,1,1
76776.0,2.0,2.5,150.0,1,0,0,0,0,1,1,1,1,1,0,0,0,1,0,0,1,0,0,0,1,0,0,0,1,1,0,1
57582.0,3.0,2.5,185.0,1,1,0,0,0,1,1,1,1,1,1,0,0,0,0,0,1,0,0,0,1,0,0,0,1,0,0,1
93228.0,3.0,3.0,173.0,0,0,0,0,0,1,1,1,1,1,0,0,0,1,0,0,1,0,0,0,1,0,0,0,1,0,0,0
49356.0,2.0,2.5,140.0,1,0,0,0,0,1,1,1,1,1,0,0,0,0,0,0,1,0,0,0,1,0,0,0,1,0,0,0
60324.00000000001,3.0,2.5,170.0,1,1,0,0,0,0,0,1,0,1,1,0,0,0,0,0,0,1,0,0,0,0,0,0,1,0,0,0
98712.0,3.0,2.0,205.0,1,1,0,1,0,1,1,1,1,1,0,0,0,1,0,0,1,0,0,1,1,1,0,0,1,0,1,0
46381.959751978306,3.0,2.5,143.0,0,0,0,0,0,1,1,0,0,1,0,0,0,0,0,0,0,0,0,0,0,0,0,0,1,0,0,0
164520.0,3.0,3.5,193.0,1,1,1,1,0,1,1,0,1,1,1,0,0,1,0,0,1,0,0,0,1,0,0,0,1,0,1,1
93228.0,3.0,3.0,300.0,0,1,1,0,0,1,1,1,1,0,0,0,0,0,0,0,1,0,0,0,1,1,0,0,1,0,0,1
76776.0,1.0,2.0,76.0,0,1,1,1,0,1,1,0,0,0,0,0,0,1,0,0,1,0,0,1,1,1,0,0,1,0,1,1
128874.00000000001,3.0,2.5,189.0,1,1,1,1,0,1,1,1,1,0,0,0,1,1,1,0,1,0,0,1,1,1,0,0,1,0,1,1
46614.0,1.0,1.5,70.0,1,1,1,0,0,1,0,1,1,0,0,0,0,1,0,0,1,0,0,0,1,0,0,0,1,0,1,1
43872.0,1.0,1.5,67.0,1,1,1,0,0,1,1,1,1,0,0,0,0,0,0,0,0,0,0,0,1,0,0,0,1,0,0,1
148067.99999999997,3.0,3.5,160.0,1,1,1,1,0,1,1,1,1,1,0,0,1,1,0,0,1,0,0,1,1,1,0,0,1,0,1,1
63066.00000000001,1.0,1.5,78.0,1,1,1,0,0,1,1,1,1,0,0,0,0,0,0,0,1,0,0,0,1,1,0,0,1,0,1,1
117906.00000000001,2.0,2.5,157.0,0,0,0,0,0,0,1,0,0,0,0,0,0,1,0,0,0,0,0,0,0,0,0,0,1,0,0,0
71292.0,2.0,2.5,145.0,1,1,0,1,1,1,1,1,1,1,0,1,1,1,0,1,1,0,0,0,1,1,0,0,1,0,1,1
43872.0,1.0,1.5,75.0,1,1,1,1,1,1,1,1,1,1,1,0,1,1,0,0,1,0,0,1,1,1,0,1,1,0,1,1
65808.0,2.0,2.0,110.0,0,0,0,0,0,1,0,0,0,0,0,0,0,0,0,0,0,0,0,0,0,0,0,0,1,0,0,0
93228.0,3.0,3.5,350.0,1,1,0,0,1,1,0,0,1,0,0,0,0,1,0,0,0,0,0,1,1,1,0,0,1,0,1,1
109680.0,3.0,2.5,165.0,1,1,0,1,1,1,1,1,1,1,1,0,1,1,0,1,1,0,0,0,1,1,0,1,1,0,1,1
57582.0,1.0,2.0,72.0,1,1,1,1,0,1,0,0,1,0,0,0,0,1,0,1,1,0,0,0,1,0,0,0,1,0,0,1
71292.0,1.0,1.5,85.0,1,1,1,1,1,1,1,1,1,0,1,0,1,1,0,0,1,0,0,1,1,1,0,1,1,0,1,1
126132.00000000001,3.0,2.5,180.0,1,1,1,1,1,1,1,1,1,1,0,0,0,1,0,0,1,0,0,0,1,1,0,0,1,0,1,1
90486.0,2.0,2.5,140.0,1,1,1,1,1,1,1,1,1,1,1,0,1,1,0,0,1,0,0,1,1,1,0,1,1,0,1,1
137100.0,2.0,2.5,105.0,1,0,0,0,0,1,1,0,0,0,0,0,0,1,0,1,1,0,0,1,1,0,0,0,1,0,0,0
63066.00000000001,1.0,1.5,63.0,1,0,0,0,0,1,1,0,1,0,0,0,0,1,0,0,0,0,0,0,1,0,0,0,1,0,1,0
68550.0,3.0,2.5,180.0,1,0,0,0,0,1,1,0,1,1,0,0,0,0,0,0,1,0,0,0,0,0,0,0,1,0,0,1
52098.0,3.0,3.5,145.0,0,0,0,0,0,1,0,0,0,0,0,0,0,0,0,0,0,0,0,0,1,0,0,0,1,0,0,0
120648.00000000001,3.0,2.5,192.0,1,0,0,0,0,1,0,0,0,0,0,0,0,1,0,0,0,0,0,1,1,0,0,0,1,0,0,0
71292.0,3.0,3.5,175.0,0,0,0,0,0,0,1,1,0,1,0,0,0,0,1,0,0,0,0,0,0,1,0,0,1,0,0,0
63066.00000000001,3.0,2.5,172.0,1,0,0,0,0,1,1,1,0,1,0,0,0,0,0,0,0,0,0,0,0,1,0,0,1,0,0,0
142584.0,4.0,3.5,500.0,1,0,0,0,0,1,1,0,0,0,0,0,0,0,0,0,0,0,0,0,0,0,0,0,1,0,0,1
54840.0,2.0,2.5,93.0,1,0,0,0,0,1,0,0,0,0,0,0,0,0,0,0,0,0,0,0,1,1,0,0,1,0,0,0
126132.00000000001,3.0,3.5,200.0,0,0,0,0,0,1,1,0,0,1,0,1,0,1,0,0,0,0,0,1,1,0,0,0,1,0,1,0
93228.0,3.0,3.5,225.0,0,0,0,0,0,1,0,0,0,0,0,0,0,0,0,0,0,0,0,0,1,0,0,0,1,0,1,0
76776.0,3.0,2.5,148.0,1,0,0,1,0,1,1,0,0,1,0,0,0,1,0,0,1,0,0,0,1,0,0,0,1,0,0,0
71292.0,3.0,2.5,179.0,1,1,0,1,0,1,1,0,1,1,1,1,0,0,0,0,1,0,0,0,1,1,0,0,1,0,1,1
76776.0,2.0,2.5,125.0,1,0,1,0,0,1,1,1,0,1,0,0,0,1,0,1,1,0,0,0,0,0,0,0,1,0,0,0
87744.0,3.0,2.5,165.0,1,0,1,0,0,1,0,1,0,1,0,0,0,1,0,0,1,0,0,0,1,1,0,0,1,0,0,0
41130.0,1.0,1.5,90.0,1,0,1,0,0,1,1,1,0,1,0,0,0,0,0,0,0,0,0,0,1,1,0,0,1,0,0,0
57582.0,1.0,2.0,60.0,0,0,1,0,0,1,1,1,0,0,0,0,0,1,0,1,0,0,0,0,1,0,0,0,1,0,0,0
98712.0,3.0,2.5,185.0,1,0,1,0,0,1,1,0,0,1,0,0,0,0,0,0,1,0,0,0,1,1,0,0,1,0,1,0
67179.0,1.0,1.5,65.0,1,0,1,0,0,1,1,1,0,0,0,0,0,1,0,0,1,0,0,1,1,1,0,0,1,0,0,1
65808.0,2.0,2.5,150.0,1,0,1,1,0,1,1,1,0,1,0,0,0,1,0,0,1,0,0,0,1,1,0,0,1,0,0,0
79518.0,5.0,1.0,73.0,1,1,1,0,0,0,0,1,0,0,0,0,0,0,0,0,0,0,0,0,0,0,0,0,1,0,0,0
54840.0,2.0,2.5,148.0,1,0,1,0,0,1,1,1,0,1,0,0,0,0,0,0,0,0,0,0,1,1,0,0,1,0,0,1
60324.00000000001,2.0,2.0,137.0,0,0,0,0,0,1,1,1,0,1,0,0,0,1,0,0,1,0,0,0,1,1,0,0,1,0,0,0
50727.0,1.0,1.5,75.0,1,0,1,0,0,1,1,1,0,0,0,0,0,1,0,0,1,0,0,1,1,1,0,0,1,0,0,1
41130.0,2.0,2.5,117.0,1,0,0,0,0,0,1,1,0,1,0,0,0,0,0,0,0,0,0,0,1,1,0,0,1,0,0,0
52098.0,2.0,2.5,70.0,1,0,1,1,0,1,0,1,0,0,0,0,0,0,0,0,0,0,0,0,1,1,0,0,1,0,0,1
60324.00000000001,3.0,2.0,145.0,0,0,1,1,0,1,1,1,0,0,0,0,0,1,0,0,1,0,0,1,0,1,0,0,1,0,0,1
137100.0,2.0,2.0,98.0,0,0,1,0,0,1,1,1,0,0,0,0,0,1,0,1,1,0,0,1,0,1,0,0,1,0,0,1
60324.00000000001,3.0,3.5,200.0,1,0,1,0,0,1,1,1,0,1,0,0,0,0,0,0,0,0,0,0,1,0,0,0,1,0,0,0
75405.00000000001,2.0,2.5,134.0,1,0,0,0,0,1,1,1,0,1,0,0,0,1,0,0,1,0,0,1,1,0,0,0,1,0,1,0
65808.0,1.0,1.5,75.0,1,0,1,0,0,1,1,1,0,0,0,0,0,1,0,1,1,0,0,1,1,1,0,1,1,0,0,0
109680.0,3.0,2.5,140.0,1,0,1,0,0,1,1,1,0,1,0,0,0,1,0,0,1,0,0,0,1,1,0,0,1,0,1,1
82260.0,3.0,2.5,190.0,1,0,1,0,0,1,1,1,0,1,0,0,0,0,0,1,1,0,0,0,1,1,0,0,1,0,1,1
63066.00000000001,1.0,1.5,72.0,1,0,1,0,0,1,0,0,0,0,0,0,0,1,0,1,1,0,0,0,1,1,0,0,1,0,0,0
71292.0,1.0,1.5,66.0,1,0,0,1,0,1,1,1,0,0,0,0,0,1,0,0,1,0,0,0,1,1,0,0,1,0,0,0
52098.0,2.0,2.5,128.0,1,0,0,0,0,1,1,1,0,1,0,0,0,0,0,0,1,0,0,0,1,0,0,0,1,0,0,0
57582.0,1.0,1.5,89.0,1,0,1,0,0,1,1,1,0,0,0,0,0,0,0,0,1,0,0,0,1,1,0,0,1,0,0,0
71292.0,3.0,2.5,144.0,1,0,0,0,0,1,1,1,0,1,0,0,0,0,0,0,1,0,0,0,1,1,0,0,1,0,0,0
54840.0,3.0,2.5,180.0,1,1,0,0,0,1,1,0,1,1,0,0,0,0,0,0,1,0,0,0,1,0,0,0,1,0,0,1
120648.00000000001,2.0,2.5,200.0,1,1,1,0,1,1,0,1,1,0,0,0,0,0,0,0,1,0,0,0,1,1,0,0,1,0,1,1
65808.0,1.0,1.5,72.0,1,1,1,0,0,1,0,1,1,0,0,0,0,1,0,1,1,0,0,0,1,0,0,0,1,0,1,1
120648.00000000001,3.0,2.5,200.0,1,1,1,0,1,1,1,1,1,1,0,0,0,1,0,0,1,0,0,0,1,1,0,0,1,0,1,1
76776.0,2.0,2.5,135.0,1,1,1,0,1,1,1,1,1,1,0,0,0,0,0,0,1,0,0,0,1,1,0,0,1,0,0,1
49356.0,1.0,1.5,60.0,1,1,1,0,1,1,1,1,1,0,0,0,0,0,0,0,0,0,0,0,1,0,0,0,1,0,0,1
46614.0,2.0,2.5,85.0,1,1,0,0,1,1,1,1,1,0,0,0,0,0,0,0,0,0,0,0,1,1,0,0,1,0,0,1
109680.0,3.0,3.5,200.0,1,1,1,1,0,1,1,0,1,1,1,0,0,1,0,0,1,0,0,0,0,0,0,0,1,0,1,1
76776.0,2.0,2.5,185.0,1,1,1,1,1,1,1,1,1,1,1,1,1,0,0,1,0,0,0,0,1,1,1,0,1,1,1,1
46614.0,1.0,1.0,75.0,0,1,1,0,0,1,1,1,1,0,0,0,0,1,0,0,1,0,0,0,1,0,0,0,1,0,1,1
65808.0,1.0,1.5,65.0,1,1,1,0,0,1,1,1,1,0,1,0,0,1,0,0,1,0,0,1,1,1,0,0,1,0,0,1
137100.0,3.0,3.5,188.0,1,1,1,1,1,1,1,1,1,1,1,0,0,1,0,0,1,0,0,0,1,1,0,0,1,0,1,1
41130.0,1.0,1.0,70.0,0,0,0,0,0,0,1,1,1,0,0,0,0,0,0,0,0,0,0,0,0,0,0,0,1,0,0,0
71292.0,5.0,1.0,73.0,1,1,1,0,0,0,0,1,0,0,0,0,0,0,0,0,0,0,0,0,0,0,0,0,1,0,0,0
142584.0,3.0,3.5,155.0,1,1,1,1,1,1,1,1,1,1,1,0,0,1,0,1,1,0,0,0,1,1,0,0,1,0,1,1
82260.0,1.0,1.5,88.0,1,1,1,1,0,1,1,1,1,0,0,0,1,1,0,0,1,0,0,0,1,1,0,0,1,0,1,1
82260.0,3.0,3.5,210.0,1,1,1,0,0,1,1,1,1,1,0,0,1,1,0,0,1,0,0,0,1,1,0,0,1,0,1,1
46614.0,2.0,2.0,105.0,1,1,1,0,1,0,1,1,1,1,0,0,0,0,0,0,0,0,0,0,0,0,0,0,1,0,0,1
191940.0,4.0,4.5,334.0,1,1,1,1,1,1,1,1,1,1,0,1,1,1,0,0,1,0,0,0,1,1,0,0,1,0,1,1
137100.0,2.0,2.5,111.0,0,0,0,1,0,1,1,0,0,1,0,0,0,1,0,0,1,0,0,1,1,0,0,0,1,0,0,0
65808.0,3.0,2.5,170.0,0,0,0,0,0,1,1,0,0,0,0,0,0,0,0,0,0,0,0,1,1,0,0,0,1,0,1,0
79518.0,2.0,2.5,160.0,0,0,1,1,0,1,1,0,0,1,0,1,0,1,0,0,1,0,0,1,1,0,0,0,1,0,0,0
137100.0,2.0,2.5,145.0,1,1,1,1,1,1,1,1,1,0,0,0,0,1,0,0,1,0,0,0,1,0,0,0,1,0,0,1
142584.0,3.0,3.5,262.0,0,0,1,1,0,1,1,0,0,1,0,1,0,1,0,0,0,0,0,1,1,0,0,0,1,0,0,1
65808.0,3.0,2.5,148.0,1,1,0,0,1,1,1,1,1,1,0,0,1,1,0,0,1,0,0,0,1,0,0,0,1,0,0,1
63066.00000000001,3.0,2.5,165.0,0,0,0,0,0,1,1,0,0,1,0,0,0,1,0,0,1,0,0,0,1,0,0,0,1,0,0,0
156294.0,3.0,3.5,262.0,1,0,0,0,0,1,0,0,0,1,0,1,0,1,0,0,0,0,0,0,1,0,0,0,1,0,1,0
101454.0,3.0,3.5,201.0,0,0,1,0,0,1,1,0,1,0,0,0,0,1,0,1,1,0,0,0,1,0,0,0,1,0,0,0
98712.0,2.0,2.5,130.0,0,0,1,1,0,1,1,0,0,1,0,0,0,1,0,0,1,0,0,1,1,0,0,0,1,0,0,0
76776.0,2.0,2.0,147.0,0,0,0,0,0,1,1,0,0,0,0,0,0,1,0,0,1,0,0,0,0,0,0,0,1,0,0,0
65808.0,3.0,2.0,147.0,1,0,0,0,0,0,0,0,0,1,0,0,0,0,0,0,0,0,0,0,0,0,0,0,1,0,0,0
46614.0,1.0,1.5,72.0,1,0,0,0,0,1,1,1,1,0,0,0,0,1,0,0,1,0,0,0,1,0,0,0,1,0,1,1
82260.0,3.0,2.5,300.0,1,0,0,0,0,0,0,0,0,1,0,1,0,0,0,0,0,0,0,0,0,0,0,0,1,0,1,0
126132.00000000001,3.0,2.5,195.0,1,0,0,0,1,1,0,0,0,1,0,0,0,0,0,0,1,0,0,0,1,0,0,0,1,0,1,0
71292.0,3.0,2.5,332.0,1,0,0,0,0,0,1,1,0,1,0,1,0,0,0,0,0,1,0,0,0,0,0,0,1,1,1,1
54840.0,1.0,1.0,45.0,0,0,0,0,0,1,0,0,0,0,0,0,0,0,0,0,1,0,0,0,1,0,0,0,1,0,0,0
126132.00000000001,3.0,2.5,195.0,1,0,1,0,0,1,0,0,0,0,0,0,0,0,0,0,1,0,0,0,1,0,0,0,1,0,1,0
60324.00000000001,1.0,1.5,75.0,1,0,0,1,0,0,1,0,0,0,0,0,0,0,0,1,0,0,0,0,0,0,0,0,1,0,0,0
71292.0,2.0,2.5,160.0,1,0,0,1,0,1,1,1,1,1,0,1,0,1,0,0,1,0,0,1,1,0,0,0,1,0,1,1
43872.0,1.0,2.5,92.0,0,0,0,0,0,0,1,0,0,1,0,0,0,0,0,0,0,0,0,0,0,0,0,0,1,0,0,0
82260.0,2.0,2.5,155.0,0,0,0,0,0,0,1,0,0,1,0,0,0,1,0,0,0,0,0,1,0,0,0,0,1,0,0,0
71292.0,1.0,2.0,70.0,0,0,1,0,0,1,1,0,0,0,0,0,0,1,0,0,0,0,0,1,0,0,0,0,1,0,1,0
164520.0,3.0,3.5,410.0,0,0,0,0,0,0,0,0,0,0,0,0,1,0,0,0,0,1,0,0,0,0,0,0,1,0,1,0
98712.0,3.0,3.5,450.0,0,0,0,0,0,0,0,0,0,1,0,0,0,0,0,0,0,1,0,0,0,0,0,0,1,0,1,0
48314.54140831073,3.0,2.5,148.0,0,0,1,0,0,1,1,0,0,1,0,0,0,0,0,0,0,0,0,0,1,0,0,0,1,1,0,0
65808.0,1.0,2.0,50.0,0,0,1,0,0,1,1,0,0,0,0,0,0,1,0,1,0,0,0,1,0,0,0,0,1,0,1,0
79518.0,1.0,1.5,64.0,0,0,0,1,0,0,1,0,0,0,0,0,0,1,0,0,0,0,0,1,1,0,0,0,1,0,0,0
191940.0,3.0,3.5,310.0,1,1,0,0,0,1,1,1,1,1,1,0,0,1,0,0,1,0,0,1,1,1,0,0,1,0,1,1
43483.08726747966,3.0,2.5,143.0,0,0,0,0,0,1,1,0,0,1,0,0,0,0,0,0,0,0,0,0,0,0,0,0,1,0,0,0
68550.0,2.0,2.5,113.0,1,0,0,1,0,1,1,0,1,0,0,0,0,1,0,0,1,0,0,1,1,0,0,0,1,0,0,1
65808.0,3.0,2.5,160.0,0,0,0,0,0,0,0,0,0,1,0,0,0,0,0,0,0,0,0,0,0,0,0,0,1,0,0,0
137100.0,3.0,3.5,250.0,1,1,0,0,0,0,1,1,1,1,1,0,0,0,0,0,1,0,0,0,1,0,0,0,1,0,0,1
74033.99999999999,2.0,2.5,150.0,1,1,1,0,0,1,0,1,1,1,1,0,0,1,0,0,1,0,0,0,0,0,0,0,1,0,0,1
43872.0,2.0,2.5,107.0,1,0,0,0,0,1,1,0,0,0,0,0,0,1,0,0,1,0,0,0,1,0,0,0,1,0,1,0
101454.0,3.0,3.5,175.0,1,1,1,0,0,1,1,1,1,1,1,0,0,0,0,0,1,0,0,0,1,0,0,0,1,0,0,1
87744.0,3.0,3.5,230.0,1,1,1,0,1,1,1,1,1,1,1,0,0,0,0,0,1,0,0,0,1,0,0,0,1,0,1,1
117906.00000000001,3.0,3.5,166.0,0,0,0,0,0,1,1,0,0,1,0,1,0,0,0,0,0,0,0,0,1,0,0,0,1,0,0,0
164520.0,3.0,3.5,210.0,1,1,1,1,0,1,1,1,1,1,0,1,0,1,0,0,1,0,0,1,1,1,0,0,1,0,0,1
101454.0,3.0,3.5,236.0,1,0,1,0,1,1,1,0,0,1,1,0,0,0,0,0,1,0,0,0,1,0,0,0,1,0,0,0
118454.40000000001,1.0,2.0,288.0,1,1,0,0,0,0,0,0,0,0,0,0,0,0,0,0,0,0,0,0,0,0,0,0,1,0,0,0
62808.90383080395,3.0,2.5,171.0,1,1,1,0,0,1,1,1,1,1,0,0,0,0,0,0,0,0,0,0,1,0,0,0,1,1,1,1
64741.485487136386,3.0,2.0,232.0,1,1,1,1,1,1,1,1,1,1,1,1,1,1,1,1,1,1,0,1,1,1,1,0,1,1,1,1
137100.0,2.0,2.5,145.0,1,1,0,0,0,1,0,0,1,0,0,0,0,1,0,0,1,0,0,0,1,0,0,0,1,0,0,1
47985.0,2.0,2.5,86.0,1,0,0,1,0,1,1,0,0,0,0,0,0,1,0,0,1,0,0,0,1,0,0,0,1,0,0,0
93228.0,3.0,3.5,155.0,1,0,0,0,0,0,1,1,1,1,1,0,0,1,0,0,1,0,0,1,1,1,0,0,1,0,1,1
186456.0,3.0,3.5,260.0,1,0,0,0,0,1,1,0,0,1,0,0,0,1,0,0,1,0,0,0,0,1,0,0,1,0,1,1
46614.0,1.0,1.5,95.0,1,1,1,0,0,1,1,1,1,1,0,0,0,0,0,0,1,0,0,0,0,0,0,0,1,0,0,1
54840.0,1.0,1.0,60.0,0,0,0,1,0,1,0,1,1,0,0,0,0,1,0,0,1,0,0,1,1,0,0,0,1,0,1,1
71292.0,2.0,2.5,160.0,1,0,0,1,0,1,1,1,1,1,0,1,0,1,0,0,1,0,0,1,1,0,0,0,1,0,1,1
71292.0,3.0,2.5,332.0,1,0,0,0,0,0,1,1,0,1,0,1,0,0,0,0,0,1,0,0,0,0,0,0,1,1,1,1
65808.0,3.0,2.5,148.0,1,1,1,0,0,1,1,1,1,1,0,0,0,1,0,0,1,0,0,0,1,1,0,0,1,0,0,1
31404.451915401976,3.0,2.0,113.0,0,0,0,1,0,0,1,0,0,1,0,0,0,0,0,0,0,0,0,0,0,0,0,0,1,0,0,1
93228.0,2.0,2.5,92.0,1,1,1,0,0,1,1,1,1,1,0,0,0,1,0,0,1,0,0,1,1,0,0,0,1,0,0,1
126132.00000000001,3.0,2.5,195.0,1,0,0,0,1,1,0,0,0,1,0,0,0,0,0,0,1,0,0,0,1,0,0,0,1,0,1,0
82260.0,2.0,2.0,134.0,0,0,0,1,0,1,1,1,1,1,0,0,0,1,0,0,1,0,0,1,1,0,0,0,1,0,1,1
60324.00000000001,2.0,1.0,91.0,0,1,1,0,0,1,0,1,0,0,0,0,0,1,0,0,1,0,0,0,0,0,0,0,1,0,1,0
98712.0,3.0,2.5,137.0,1,1,1,0,0,1,1,1,1,1,0,1,0,0,1,0,1,0,0,0,1,1,0,0,1,0,0,1
60324.00000000001,3.0,2.0,250.0,0,0,0,0,0,0,0,1,1,1,0,0,0,0,0,0,1,0,0,0,1,0,0,0,1,0,0,1
54840.0,1.0,1.0,45.0,0,0,0,0,0,1,0,0,0,0,0,0,0,0,0,0,1,0,0,0,1,0,0,0,1,0,0,0
46614.0,1.0,1.5,72.0,1,0,0,0,0,1,1,1,1,0,0,0,0,1,0,0,1,0,0,0,1,0,0,0,1,0,1,1
87744.0,3.0,3.5,295.0,1,0,0,0,0,1,1,0,0,0,1,0,0,0,0,0,0,0,0,0,1,0,0,0,1,0,0,0
60324.00000000001,1.0,1.0,50.0,0,0,0,0,0,1,1,0,0,0,0,0,0,1,0,0,0,0,0,1,0,0,0,0,1,0,0,0
148067.99999999997,4.0,3.0,450.0,1,0,0,0,0,0,1,1,1,1,1,1,0,0,0,0,0,0,0,1,0,1,0,0,1,0,1,1
65808.0,3.0,2.0,147.0,1,0,0,0,0,0,0,0,0,1,0,0,0,0,0,0,0,0,0,0,0,0,0,0,1,0,0,0
38651.63312664859,3.0,3.0,260.0,1,0,0,0,0,0,1,0,0,0,0,0,0,0,0,0,0,1,0,0,0,0,0,0,1,0,1,0
82260.0,3.0,3.0,250.0,1,0,0,1,0,0,0,0,0,0,0,0,0,0,0,0,0,0,0,0,0,0,0,0,1,0,1,0
65808.0,1.0,1.0,80.0,1,0,0,1,0,0,1,0,0,0,0,0,0,1,0,1,0,0,0,0,0,0,0,0,1,0,0,0
82260.0,3.0,2.5,300.0,1,0,0,0,0,0,0,0,0,1,0,1,0,0,0,0,0,0,0,0,0,0,0,0,1,0,1,0
60324.00000000001,1.0,1.5,75.0,1,0,0,1,0,0,1,0,0,0,0,0,0,0,0,1,0,0,0,0,0,0,0,0,1,0,0,0
137100.0,2.0,2.5,110.0,1,0,0,1,1,1,1,0,0,1,0,0,0,0,0,0,1,0,0,0,0,0,0,1,1,0,0,1
52098.0,1.0,1.5,80.0,1,0,0,0,0,1,1,0,0,0,0,0,0,0,0,0,1,0,0,0,1,0,0,0,1,0,0,0
33820.17898581751,3.0,2.0,142.0,1,0,0,0,0,0,1,0,0,1,0,0,0,0,0,0,0,0,0,0,0,0,0,0,1,0,0,0
60324.00000000001,1.0,1.5,75.0,1,0,0,1,0,1,1,0,0,0,0,0,0,1,0,1,0,0,0,0,0,0,0,0,1,0,1,0
65808.0,2.0,2.0,127.0,1,0,0,0,1,1,0,0,0,1,0,0,0,0,0,0,0,0,0,0,1,0,0,0,1,0,0,0
159036.0,3.0,3.0,220.0,0,0,0,0,0,1,1,0,0,1,0,0,0,1,0,0,0,0,0,1,0,1,0,0,1,0,0,0
98712.0,1.0,1.5,85.0,0,0,0,0,0,0,0,0,0,0,0,0,0,1,0,0,1,0,0,1,0,0,0,0,1,0,1,0
57582.0,2.0,2.5,115.0,1,1,0,0,0,1,1,0,1,0,0,0,0,0,0,0,1,0,0,0,1,0,0,0,1,0,0,1
76776.0,1.0,1.5,86.0,1,0,1,1,0,1,1,1,1,0,0,0,0,1,0,1,1,0,0,1,1,1,0,0,1,0,1,1
90486.0,1.0,1.5,78.0,1,1,1,0,0,1,1,0,1,0,0,0,0,1,0,0,1,0,0,1,1,0,0,0,1,0,0,1
134358.0,1.0,1.5,90.0,1,1,1,0,0,1,0,0,1,0,0,0,0,1,0,1,1,0,0,0,1,0,0,0,1,0,0,1
90486.0,1.0,1.5,78.0,1,1,0,1,0,1,1,0,1,0,0,0,0,1,0,0,1,0,0,1,1,0,0,0,1,0,0,1
101454.0,3.0,3.5,280.0,1,1,0,0,0,1,0,1,0,1,0,0,0,0,0,0,1,0,0,0,1,0,0,0,1,0,1,1
120648.00000000001,2.0,2.5,114.0,1,1,1,0,0,1,1,1,0,1,0,0,0,1,0,0,1,0,0,1,1,0,0,0,1,0,0,1
60324.00000000001,2.0,1.0,91.0,0,1,1,0,0,1,0,1,0,0,0,0,0,1,0,0,1,0,0,1,1,0,0,0,1,0,1,0
46614.0,2.0,2.0,140.0,0,1,0,0,0,0,1,1,0,1,0,0,0,0,0,0,0,0,0,0,0,0,0,0,1,0,0,1
148067.99999999997,3.0,3.5,362.0,1,1,1,0,0,1,1,1,1,1,1,0,0,1,0,0,1,0,0,1,1,0,0,0,1,0,0,1
65808.0,3.0,2.5,148.0,1,1,0,0,0,1,1,1,0,1,0,0,0,1,0,0,1,0,0,0,1,1,0,0,1,0,0,1
82260.0,1.0,1.5,90.0,1,1,1,0,0,1,0,1,0,0,0,0,0,1,0,0,1,0,0,1,1,0,0,0,1,0,0,1
46614.0,1.0,1.5,95.0,1,1,1,0,0,1,1,1,0,0,0,0,0,0,0,0,1,0,0,0,1,0,0,0,1,0,0,0
87744.0,1.0,1.5,85.0,1,1,1,0,1,1,0,1,1,0,1,0,0,1,0,1,1,0,0,0,1,1,0,0,1,0,1,1
87744.0,3.0,3.5,350.0,1,1,1,0,0,1,0,1,0,1,1,0,0,0,0,0,1,0,0,0,1,0,0,0,1,0,1,1
159036.0,2.0,2.0,135.0,1,1,1,1,1,1,1,1,1,1,1,0,0,1,0,0,1,1,0,0,1,1,0,0,1,1,1,1
87744.0,1.0,1.5,76.0,1,1,1,1,1,1,1,1,1,1,1,0,0,1,0,0,1,0,0,1,1,1,0,0,1,0,0,1
90486.0,2.0,2.5,125.0,1,1,1,1,1,1,1,1,1,1,1,0,0,1,0,1,1,1,0,1,1,1,0,1,1,0,1,1
213876.0,2.0,2.5,163.0,1,1,1,1,1,1,0,1,1,0,1,1,1,1,0,0,1,1,0,0,1,1,0,0,1,0,1,1
76776.0,2.0,2.5,112.0,1,1,0,0,1,1,0,1,1,1,1,0,0,1,0,0,1,1,0,1,1,1,0,0,1,1,0,1
65808.0,1.0,1.5,55.0,1,1,1,0,0,1,0,1,1,0,1,0,0,1,0,1,1,0,0,0,1,0,0,0,1,0,1,1
164520.0,2.0,2.5,116.0,1,1,1,1,1,1,1,1,1,1,1,0,0,1,0,1,1,1,0,1,1,1,0,0,1,0,1,1
137100.0,2.0,2.5,105.0,1,0,0,0,0,1,1,0,1,0,0,0,0,1,0,0,1,0,0,1,1,0,0,1,1,0,0,1
208392.0,3.0,3.5,187.0,1,1,1,1,1,1,1,1,1,1,1,1,0,1,0,0,1,1,0,1,1,1,0,0,1,0,0,1
213876.0,2.0,2.5,126.0,1,1,1,1,1,1,1,1,1,1,1,1,1,1,0,1,1,1,0,1,1,1,1,1,1,1,1,1
115164.0,2.0,2.5,135.0,1,0,0,1,0,1,1,1,1,1,0,0,0,1,0,0,1,0,0,1,1,0,0,0,1,1,1,1
65808.0,1.0,1.0,62.0,1,1,0,0,0,0,0,1,1,0,0,0,0,0,0,0,0,0,0,0,1,0,0,0,1,0,0,0
43872.0,1.0,1.0,76.0,0,1,1,0,0,1,1,1,1,0,0,0,0,1,0,0,1,0,0,1,1,0,0,0,1,0,0,0
71292.0,2.0,2.0,114.0,0,0,1,0,0,1,1,1,1,1,0,0,0,1,0,0,1,0,0,0,1,0,0,0,1,0,1,0
49356.0,3.0,2.5,140.0,1,0,0,0,0,1,1,1,1,1,0,0,0,0,0,0,1,0,0,0,1,0,0,0,1,0,0,0
93228.0,3.0,3.5,170.0,1,0,0,0,0,1,1,0,0,0,0,0,0,1,0,0,0,0,0,1,0,0,0,0,1,0,0,0
93228.0,3.0,3.5,170.0,1,0,0,0,0,1,1,0,1,1,0,0,0,0,0,0,1,0,0,0,1,0,0,0,1,0,0,1
153552.0,3.0,4.5,290.0,1,0,0,0,0,1,1,0,1,1,0,1,0,1,0,0,1,0,0,0,1,0,0,0,1,0,1,1
46614.0,1.0,2.0,50.0,0,0,0,0,0,1,1,0,1,0,0,0,0,0,0,0,0,0,0,0,1,0,0,0,1,0,0,1
60324.00000000001,1.0,1.0,101.0,0,0,0,0,0,0,1,0,1,0,0,0,0,1,0,0,1,0,0,0,1,0,0,0,1,0,0,1
164520.0,3.0,3.5,160.0,1,0,0,0,0,1,0,0,1,1,0,0,1,1,0,1,1,0,0,0,1,0,0,0,1,0,1,1
164520.0,3.0,3.5,160.0,1,0,0,0,0,1,0,0,1,1,0,0,0,1,0,1,0,0,0,0,1,0,0,0,1,0,1,1
115164.0,2.0,2.5,125.0,1,0,1,1,0,1,0,0,1,1,0,0,0,1,0,0,1,0,0,1,1,0,0,0,1,0,1,1
148067.99999999997,3.0,3.5,176.0,1,0,1,1,1,1,1,1,1,1,0,0,0,1,1,0,1,0,0,1,1,1,0,1,1,0,0,1
98712.0,2.0,2.5,145.0,1,0,0,0,1,1,0,1,0,1,0,0,0,1,1,1,1,0,0,0,1,1,0,0,1,0,0,0
98712.0,3.0,2.5,140.0,1,0,0,1,0,1,1,1,0,1,0,0,0,1,0,0,1,0,0,0,1,1,0,0,1,0,0,0
71292.0,5.0,1.0,73.0,1,1,1,0,0,0,0,1,0,0,0,0,0,0,0,0,0,0,0,0,0,0,0,0,1,0,0,0
54840.0,2.0,2.5,93.0,1,0,0,0,0,1,1,0,0,1,0,0,0,0,0,0,1,0,0,0,1,1,0,0,1,0,0,0
126132.00000000001,3.0,2.5,180.0,1,1,0,0,0,1,1,0,1,0,0,0,0,0,0,0,1,0,0,0,1,1,0,0,1,0,0,0
71292.0,3.0,2.5,160.0,1,0,0,0,0,1,1,0,0,0,0,0,0,0,0,0,1,0,0,0,0,1,0,0,1,0,0,0
87744.0,3.0,2.5,147.0,1,1,0,0,0,1,1,1,1,1,0,0,0,1,0,0,1,0,0,1,1,0,0,0,1,0,1,1
120648.00000000001,3.0,2.5,121.0,1,1,0,0,0,0,1,1,1,1,0,0,0,1,0,1,1,0,0,0,1,1,0,0,1,0,0,1
115164.0,3.0,3.5,190.0,1,1,0,0,0,1,0,0,0,0,0,0,0,0,0,0,0,0,0,0,0,0,0,0,1,1,0,1
87744.0,3.0,3.5,250.0,1,0,0,0,0,1,1,1,1,0,1,0,0,0,0,0,0,0,0,0,1,0,0,0,1,0,1,0
71292.0,3.0,2.5,225.0,1,0,0,0,0,0,0,0,0,0,1,0,0,0,0,0,0,0,0,0,0,0,0,0,1,0,0,0
60324.00000000001,1.0,2.0,93.0,1,1,0,1,1,0,1,0,1,0,0,0,0,1,0,0,1,0,0,0,0,0,0,0,1,0,1,0
65808.0,1.0,1.5,72.0,1,1,1,0,1,1,0,1,1,0,0,0,0,1,0,1,1,0,0,0,1,1,0,0,1,0,1,1
87744.0,2.0,2.5,120.0,1,1,0,1,1,0,1,0,1,1,0,0,0,1,0,0,1,0,0,1,0,0,0,0,1,0,0,0
68550.0,3.0,2.5,135.0,1,0,0,0,1,1,1,1,1,1,0,0,0,0,0,0,1,0,0,0,1,1,0,0,1,0,1,1
115164.0,3.0,2.5,152.0,1,0,1,1,1,1,1,1,1,1,0,0,0,1,0,0,1,0,0,0,1,0,0,0,1,1,1,1
76776.0,3.0,2.5,140.0,1,0,0,0,0,1,1,0,1,1,0,0,0,1,0,0,1,0,0,0,1,0,0,0,1,0,0,1
68550.0,3.0,2.5,135.0,1,0,0,0,1,1,1,1,1,1,0,0,0,0,0,0,1,0,0,0,1,1,0,0,1,0,1,1
87744.0,2.0,2.5,104.0,1,0,1,0,0,1,1,0,0,0,0,0,0,1,0,0,0,0,0,0,0,0,0,0,1,0,0,0
87744.0,2.0,2.5,120.0,1,1,0,1,1,0,1,0,1,1,0,0,0,1,0,0,1,0,0,1,0,0,0,0,1,0,0,0
65808.0,2.0,2.0,85.0,0,0,0,0,1,1,1,1,1,0,0,0,0,1,0,1,0,0,0,0,1,0,0,0,1,0,0,1
115164.0,3.0,2.5,152.0,1,0,1,1,1,1,1,1,1,1,0,0,0,1,0,0,1,0,0,0,1,0,0,0,1,1,1,1
60324.00000000001,1.0,2.0,93.0,1,1,0,1,1,0,1,0,1,0,0,0,0,1,0,0,1,0,0,0,0,0,0,0,1,0,1,0
65808.0,1.0,1.5,72.0,1,1,1,0,1,1,0,1,1,0,0,0,0,1,0,1,1,0,0,0,1,1,0,0,1,0,1,1
90486.0,2.0,2.5,137.0,1,1,0,1,1,0,0,0,0,1,0,0,0,1,0,0,1,0,0,1,0,0,0,0,1,0,1,1
74033.99999999999,1.0,1.5,71.0,1,1,0,1,1,0,0,0,1,0,0,0,0,1,0,0,1,0,0,1,0,0,0,0,1,0,1,1
115164.0,2.0,2.5,130.0,1,1,1,0,1,0,1,0,1,0,0,0,0,1,0,0,1,0,0,1,0,0,0,1,1,0,0,0
71292.0,1.0,1.5,50.0,1,0,1,1,1,1,0,1,1,0,0,0,0,0,0,0,0,0,0,1,1,1,0,0,1,0,1,1
93228.0,3.0,3.5,170.0,1,0,0,0,0,1,1,0,0,0,0,0,0,1,0,0,0,0,0,1,0,0,0,0,1,0,0,0
82260.0,2.0,2.5,120.0,1,0,0,0,0,1,1,0,1,1,0,0,0,1,0,0,1,0,0,1,0,0,0,0,1,0,0,0
52098.0,2.0,2.5,90.0,1,0,0,0,0,1,1,0,1,1,0,0,0,1,0,0,1,0,0,0,0,0,0,0,1,0,1,0
153552.0,3.0,2.5,187.0,1,0,1,0,0,1,0,0,0,0,0,0,0,1,0,0,1,0,0,0,0,0,0,0,1,0,0,0
137100.0,3.0,3.5,160.0,1,0,1,0,0,1,0,0,0,1,0,0,0,1,0,1,0,0,0,0,1,0,0,0,1,0,0,0
76776.0,3.0,2.5,140.0,1,0,0,0,0,1,1,0,1,1,0,0,0,1,0,0,1,0,0,0,1,0,0,0,1,0,0,0
142584.0,2.0,2.5,106.0,1,0,1,0,0,1,1,0,1,0,0,0,1,1,0,1,1,0,0,1,1,0,0,0,1,0,0,1
148067.99999999997,3.0,3.5,198.0,1,0,1,0,0,1,0,0,0,0,0,0,0,1,0,0,1,0,0,1,0,0,0,0,1,0,0,0
71292.0,3.0,2.5,185.0,1,0,1,0,0,0,0,1,1,0,1,0,0,0,0,0,0,0,0,0,0,0,0,0,1,0,0,0
63066.00000000001,1.0,1.5,71.0,1,0,0,1,1,0,1,1,1,0,0,0,0,1,0,0,1,0,0,1,1,1,0,0,1,0,1,1
54840.0,2.0,2.5,90.0,1,0,0,0,0,1,1,0,1,0,0,0,0,1,0,0,1,0,0,0,1,0,0,0,1,0,1,0
98712.0,2.0,2.5,102.0,1,0,0,0,0,1,1,0,1,0,0,0,0,0,0,0,1,0,0,0,1,0,0,0,1,0,0,0
120648.00000000001,3.0,2.5,192.0,1,0,0,0,0,1,0,0,0,0,0,0,0,1,0,0,0,0,0,1,1,0,0,0,1,0,0,0
65808.0,1.0,2.0,72.0,0,0,0,1,0,1,0,0,0,0,0,0,0,1,0,0,1,0,0,0,0,0,0,0,1,0,0,0
137100.0,3.0,3.5,160.0,0,0,0,0,0,0,0,0,1,1,0,0,0,1,0,0,0,0,0,0,1,0,0,0,1,0,0,0
137100.0,3.0,3.5,160.0,1,0,1,0,0,1,1,0,1,1,0,0,0,1,0,0,1,0,0,0,1,0,0,0,1,0,0,1
164520.0,3.0,3.5,365.0,1,0,1,0,0,1,0,0,1,1,0,0,0,1,0,0,1,0,0,0,1,0,0,1,1,0,1,1
71292.0,3.0,3.5,365.0,0,0,0,0,0,0,1,0,1,1,0,1,0,0,0,0,0,0,0,0,1,0,0,0,1,1,1,0
82260.0,3.0,3.5,180.0,1,0,0,0,0,1,1,0,1,1,0,0,0,1,0,0,0,0,0,0,1,0,0,0,1,0,1,1
164520.0,4.0,4.5,431.0,1,1,0,0,0,0,0,0,1,1,0,0,0,0,0,1,0,1,0,0,1,0,0,0,1,0,1,1
76776.0,3.0,2.5,140.0,1,0,1,1,0,1,1,0,1,1,0,0,0,1,0,0,1,0,0,0,1,0,0,0,1,0,1,0
65808.0,1.0,1.5,86.0,1,0,1,1,0,1,1,1,1,0,0,0,0,1,0,1,1,0,0,1,1,1,0,0,1,0,1,1
53145.99554914181,3.0,2.5,160.0,1,0,0,0,0,0,1,0,0,1,0,0,0,0,0,0,1,0,0,0,0,1,0,0,1,0,1,1
87744.0,2.0,2.5,125.0,1,0,0,0,0,1,1,0,1,1,0,0,0,0,0,0,1,0,0,0,1,0,0,0,1,0,1,0
54840.0,1.0,1.5,86.0,1,1,1,1,0,1,1,1,1,0,0,0,1,1,0,1,1,0,0,1,1,1,0,0,1,0,1,1
33820.17898581751,3.0,2.0,145.0,0,1,0,0,0,0,1,1,0,0,0,0,0,0,0,0,0,0,0,0,0,1,0,0,1,0,1,1
65808.0,1.0,1.5,65.0,1,0,1,0,0,1,1,0,1,0,0,0,0,0,0,0,0,0,0,0,1,0,0,0,1,1,1,1
60324.00000000001,1.0,1.5,101.0,1,0,0,0,0,1,1,0,1,0,0,0,0,1,0,0,1,0,0,0,1,0,0,0,1,0,1,0
76776.0,2.0,2.5,104.0,1,0,1,0,0,1,1,0,1,0,0,0,0,1,0,0,1,0,0,0,1,0,0,0,1,0,0,0
93228.0,2.0,2.5,150.0,1,0,1,0,0,1,1,0,1,1,0,0,0,1,0,0,1,0,0,1,1,0,0,0,1,1,0,1
153552.0,3.0,3.5,280.0,1,0,1,0,0,1,1,0,1,1,1,1,0,1,0,0,1,0,0,1,1,0,0,1,1,0,0,1
49356.0,1.0,1.5,72.0,1,0,0,0,0,1,1,0,1,0,0,0,0,1,0,0,1,0,0,1,1,0,0,0,1,0,1,0
43483.08726747966,2.0,2.5,115.0,1,0,0,0,0,0,0,1,0,1,0,0,0,0,1,0,1,0,0,0,0,0,0,0,1,0,1,1
142584.0,2.0,2.5,106.0,1,0,1,0,0,1,1,0,1,0,0,0,0,1,0,0,0,0,0,1,1,0,0,1,1,1,0,0
49356.0,1.0,1.5,66.0,1,0,0,1,0,1,1,0,1,0,0,0,0,0,0,0,1,0,0,0,1,0,0,0,1,0,0,0
137100.0,2.0,2.5,105.0,1,0,1,0,0,1,1,0,1,0,0,0,0,1,0,1,1,0,0,1,1,0,0,0,1,1,0,0
137100.0,4.0,3.5,400.0,1,1,0,0,0,0,1,0,1,1,0,0,0,0,0,0,0,1,0,0,0,0,0,0,1,0,0,0
71292.0,2.0,2.5,130.0,1,1,0,1,1,1,1,1,1,1,1,0,1,1,0,1,1,0,0,0,1,1,0,0,1,1,1,1
71292.0,1.0,1.5,85.0,1,1,1,1,1,1,1,1,1,0,1,0,1,1,0,0,1,0,0,1,1,1,0,1,1,0,1,1
71292.0,2.0,2.5,130.0,1,0,0,1,1,1,1,0,0,1,0,0,1,1,0,0,1,0,0,1,1,0,0,0,1,0,1,0
54840.0,1.0,1.5,75.0,1,1,1,1,1,1,1,1,1,0,1,0,1,1,0,0,1,0,0,1,1,1,0,0,1,0,1,1
43872.0,1.0,1.5,65.0,1,1,1,1,1,1,1,1,1,0,0,0,1,1,0,0,1,0,0,1,1,1,0,1,1,0,1,1
115164.0,3.0,3.5,185.0,1,1,1,1,1,1,1,1,1,1,1,0,1,1,0,0,1,0,0,1,1,1,0,0,1,1,1,1
71292.0,2.0,2.5,145.0,1,1,1,1,1,1,1,1,1,1,1,0,1,1,0,1,1,0,0,0,1,1,0,0,1,0,1,1
65808.0,1.0,1.5,85.0,1,1,1,1,1,1,1,1,1,0,1,1,1,1,0,1,1,0,0,0,1,1,0,0,1,1,1,1
60324.00000000001,1.0,1.5,95.0,1,1,1,1,1,1,1,1,1,0,1,1,1,1,0,0,1,0,0,1,1,1,0,0,1,1,1,1
60324.00000000001,2.0,2.5,135.0,1,1,0,1,1,1,1,1,1,1,1,1,1,1,0,0,1,0,0,0,1,1,0,0,1,1,1,1
43872.0,1.0,1.5,75.0,1,1,1,1,1,1,1,1,1,0,1,1,1,1,0,0,1,0,0,1,1,1,0,1,1,0,1,1
71292.0,2.0,2.5,145.0,1,1,1,1,1,1,1,1,1,1,1,1,1,1,0,1,1,0,0,0,1,1,0,0,1,0,1,1
117906.00000000001,1.0,1.5,120.0,1,1,1,1,1,1,1,1,1,1,1,0,1,1,0,1,1,0,0,0,1,1,0,0,1,1,1,1
71292.0,2.0,2.5,175.0,1,1,0,1,1,1,1,1,1,1,1,1,1,1,0,0,1,0,0,1,1,1,0,0,1,1,1,1
93228.0,3.0,3.5,260.0,1,1,1,1,1,1,1,1,1,1,1,1,0,0,0,0,1,0,0,0,1,1,0,0,1,0,1,1
65808.0,1.0,1.5,85.0,1,1,1,1,1,1,1,1,1,0,1,0,1,1,0,1,1,0,0,0,1,1,0,0,1,0,1,1
46614.0,1.0,2.0,85.0,1,1,1,1,1,1,1,1,1,0,1,1,1,1,0,0,1,0,0,1,1,1,0,0,1,0,1,1
49356.0,1.0,2.0,75.0,1,1,1,1,1,1,0,1,1,0,1,0,1,1,0,1,1,0,0,0,1,1,0,0,1,0,1,1
63066.00000000001,2.0,2.5,155.0,1,1,1,1,1,1,1,1,1,1,1,1,1,1,0,0,1,0,0,0,1,1,0,0,1,1,1,1
43872.0,1.0,1.5,78.0,1,1,0,1,1,1,1,1,1,0,1,1,1,1,0,0,1,0,0,1,1,1,0,0,1,1,1,1
68550.0,1.0,1.5,90.0,1,1,1,1,1,1,1,1,1,0,1,1,1,1,0,1,1,0,0,0,1,1,1,0,1,1,1,1
109680.0,2.0,2.5,165.0,1,1,1,1,1,1,1,1,1,1,1,1,1,1,0,1,1,0,0,0,1,1,1,0,1,1,1,1
54840.0,1.0,2.0,95.0,1,1,1,1,1,1,1,1,1,0,1,1,1,1,0,0,1,0,0,1,1,1,0,0,1,1,1,1
71292.0,3.0,3.5,200.0,1,1,0,1,1,1,1,1,1,1,1,1,1,1,0,0,1,0,0,0,1,1,0,0,1,0,0,1
120648.00000000001,3.0,2.5,180.0,1,1,1,1,1,1,1,1,1,1,1,1,1,1,0,0,1,0,0,1,1,1,0,0,1,1,1,1
126132.00000000001,3.0,3.5,170.0,1,1,1,1,1,1,1,1,1,0,1,0,1,0,0,0,1,0,0,0,1,1,0,0,1,0,1,1
104196.0,2.0,2.5,145.0,1,1,1,1,1,1,1,1,1,1,1,0,1,1,0,1,1,0,0,0,1,1,0,0,1,0,1,1
54840.0,3.0,2.0,145.0,1,1,1,1,1,1,1,1,1,1,1,1,0,0,0,0,1,0,0,0,1,1,0,0,1,0,0,1
57977.449689972884,3.0,2.5,170.0,1,1,1,1,1,1,1,1,1,1,1,1,0,0,0,0,1,0,0,0,1,1,0,0,1,0,1,1
76776.0,1.0,1.5,85.0,1,1,1,1,1,1,1,1,1,0,1,1,1,1,0,0,1,0,0,1,1,1,1,1,1,1,1,1
68550.0,2.0,2.5,145.0,1,1,1,1,1,1,1,1,1,1,1,0,1,1,0,0,1,0,0,1,1,1,0,1,1,1,1,1
82260.0,1.0,1.5,90.0,1,1,1,1,1,1,1,1,1,1,1,0,1,1,0,1,1,0,0,0,1,1,0,1,1,0,1,1
49356.0,1.0,1.5,75.0,1,1,1,1,1,1,1,1,1,0,1,0,1,1,0,0,1,0,0,1,1,1,0,1,1,0,1,1
68550.0,2.0,2.5,135.0,1,1,1,1,1,1,1,1,1,0,1,1,1,1,0,0,1,0,0,1,1,1,1,1,1,1,1,1
65808.0,1.0,1.5,75.0,1,1,1,1,1,1,1,1,1,0,1,0,1,1,0,0,1,0,0,1,1,1,0,1,1,1,1,1
37685.34229848238,3.0,2.5,250.0,1,1,0,1,1,0,1,1,1,1,1,1,1,0,0,0,0,0,0,0,0,1,0,0,1,0,1,1
49356.0,1.0,2.0,75.0,1,1,1,1,1,1,1,1,1,0,1,1,1,1,0,0,1,0,0,1,1,1,0,1,1,1,1,1
49356.0,1.0,1.5,75.0,1,1,1,1,1,1,1,1,1,0,1,0,1,1,0,1,1,0,0,0,1,1,0,0,1,0,1,1
85002.0,2.0,2.5,145.0,1,1,1,1,1,1,1,1,1,1,1,0,1,1,0,1,1,0,0,0,1,1,1,0,1,1,1,1
71292.0,2.0,2.5,138.0,1,1,1,1,1,1,1,1,1,1,1,0,1,1,0,0,1,0,0,1,1,1,0,1,1,0,1,1
126132.00000000001,3.0,2.5,180.0,1,1,1,1,1,1,1,1,1,1,0,0,0,1,0,0,1,0,0,0,1,1,0,0,1,0,1,1
137100.0,2.0,2.5,130.0,1,1,1,1,1,1,1,1,1,1,1,0,1,1,1,0,1,0,0,1,1,1,0,0,1,0,1,1
54840.0,1.0,1.5,80.0,1,1,0,1,1,1,1,1,1,0,1,1,1,1,0,1,1,0,0,0,1,1,0,0,1,1,1,1
71292.0,2.0,2.5,145.0,1,1,1,1,1,1,1,1,1,1,1,1,1,1,0,1,1,0,0,0,1,1,1,0,1,1,1,1
63066.00000000001,3.0,2.5,165.0,1,1,0,1,1,1,1,1,1,1,1,1,1,1,0,0,1,0,0,0,1,1,0,0,1,1,1,1
65808.0,2.0,2.5,135.0,1,1,1,1,1,1,1,1,1,1,0,0,1,0,0,0,1,0,0,0,1,1,0,0,1,0,1,1
79518.0,2.0,2.5,125.0,1,1,1,1,1,1,1,1,1,1,1,0,1,1,0,0,1,0,0,1,1,1,0,0,1,1,1,1
87744.0,4.0,2.0,130.0,1,1,1,1,1,0,0,1,1,1,1,1,0,0,0,0,0,0,0,0,1,1,0,0,1,0,0,1
71292.0,2.0,2.0,100.0,1,1,1,1,1,1,1,1,1,0,1,0,1,1,0,0,1,0,0,1,1,1,0,1,1,1,1,1
60324.00000000001,3.0,3.5,200.0,1,1,0,1,1,1,1,1,1,1,0,0,1,1,0,0,1,0,0,0,1,1,0,0,1,0,1,1
43872.0,1.0,1.5,75.0,1,1,1,1,1,1,1,1,1,1,1,0,1,1,0,0,1,0,0,1,1,1,0,1,1,0,1,1
93228.0,3.0,2.5,190.0,1,1,0,1,1,1,1,1,1,1,1,1,1,1,0,1,1,0,0,1,1,1,1,1,1,1,1,1
142584.0,3.0,3.5,200.0,1,1,1,1,1,1,1,1,1,1,1,1,1,1,0,0,1,0,0,1,1,1,0,0,1,0,1,1
137100.0,2.0,2.5,145.0,1,1,1,1,1,1,1,1,1,1,1,0,1,1,0,1,1,0,0,0,1,1,0,0,1,0,1,1
79518.0,1.0,2.0,85.0,1,1,1,1,1,1,1,1,1,0,1,0,1,1,0,0,1,0,0,1,1,1,0,0,1,0,1,1
71292.0,1.0,1.5,93.0,1,1,1,1,1,1,1,1,1,0,1,0,1,1,0,0,1,0,0,1,1,1,0,0,1,1,1,1
60324.00000000001,2.0,2.5,135.0,1,1,0,1,1,1,1,1,1,1,1,1,1,1,0,0,1,0,0,0,1,1,0,0,1,1,1,1
65808.0,1.0,1.5,85.0,1,1,1,1,1,1,1,1,1,0,1,0,1,1,0,1,1,0,0,0,1,1,0,0,1,0,1,1
93228.0,3.0,3.5,260.0,1,1,1,1,1,1,1,1,1,1,1,1,0,0,0,0,1,0,0,0,1,1,0,0,1,0,1,1
43872.0,1.0,1.5,75.0,1,1,1,1,1,1,1,1,1,0,1,1,1,1,0,0,1,0,0,1,1,1,0,1,1,0,1,1
126132.00000000001,3.0,3.5,170.0,1,1,1,1,1,1,1,1,1,0,1,0,1,0,0,0,1,0,0,0,1,1,0,0,1,0,1,1
82260.0,1.0,1.5,80.0,1,1,1,1,1,1,1,1,1,0,1,0,1,1,0,1,1,0,0,0,1,1,0,1,1,0,1,1
71292.0,2.0,2.5,145.0,1,1,1,1,1,1,1,1,1,1,1,0,1,1,0,1,1,0,0,0,1,1,0,0,1,0,1,1
115164.0,3.0,3.5,185.0,1,1,1,1,1,1,1,1,1,1,1,0,1,1,0,0,1,0,0,1,1,1,0,0,1,1,1,1
71292.0,3.0,3.5,200.0,1,1,0,1,1,1,1,1,1,1,1,1,1,1,0,0,1,0,0,0,1,1,0,0,1,0,0,1
82260.0,1.0,1.5,90.0,1,1,1,1,1,1,1,1,1,1,1,0,1,1,0,1,1,0,0,0,1,1,0,1,1,0,1,1
49356.0,1.0,2.0,75.0,1,1,1,1,1,1,0,1,1,0,1,0,1,1,0,1,1,0,0,0,1,1,0,0,1,0,1,1
63066.00000000001,2.0,2.5,155.0,1,1,1,1,1,1,1,1,1,1,1,1,1,1,0,0,1,0,0,0,1,1,0,0,1,1,1,1
46614.0,1.0,2.0,85.0,1,1,1,1,1,1,1,1,1,0,1,1,1,1,0,0,1,0,0,1,1,1,0,0,1,0,1,1
126132.00000000001,2.0,2.5,146.0,1,1,1,1,1,1,1,1,1,1,1,0,1,1,0,0,1,0,0,0,1,1,0,0,1,0,1,1
71292.0,2.0,2.5,140.0,1,1,1,1,1,1,1,1,1,1,1,1,1,1,0,0,1,0,0,1,1,1,0,0,1,1,1,1
87744.0,3.0,3.5,215.0,1,1,1,0,1,1,1,1,1,1,0,0,0,0,0,0,0,0,0,0,1,0,0,0,1,0,0,1
52098.0,1.0,1.0,85.0,0,1,1,1,0,1,1,1,1,0,0,0,0,1,0,0,1,0,0,1,1,0,0,0,1,0,0,0
164520.0,3.0,3.5,214.0,1,1,1,1,1,1,1,1,1,1,1,0,0,1,0,0,1,0,0,1,1,0,0,0,1,0,0,1
87744.0,1.0,1.5,85.0,1,1,1,1,1,1,1,1,1,0,1,0,1,1,0,1,1,0,0,1,1,1,0,0,1,0,1,1
49356.0,1.0,1.5,65.0,1,1,1,1,1,1,1,1,1,0,1,0,1,0,0,1,1,0,0,0,1,1,0,0,1,0,1,1
49356.0,1.0,1.0,65.0,0,1,0,0,0,0,0,0,0,0,0,0,0,1,0,1,1,0,0,0,1,0,0,0,1,0,0,0
57582.0,1.0,2.0,72.0,1,1,1,1,0,1,0,0,1,0,0,0,0,1,0,1,1,0,0,0,1,0,0,0,1,0,0,1
82260.0,2.0,2.5,130.0,1,1,1,0,1,1,1,1,1,0,0,0,0,1,0,0,1,0,0,1,1,0,0,0,1,0,0,0
82260.0,2.0,2.5,80.0,1,1,1,1,0,1,1,1,1,0,0,0,0,1,0,0,1,0,0,1,1,1,0,0,1,1,1,1
115164.0,3.0,2.5,174.0,1,1,1,0,1,1,1,1,1,1,0,0,0,0,0,0,1,0,0,0,1,0,0,0,1,0,0,0
43872.0,1.0,1.5,75.0,1,1,1,1,1,1,1,1,1,0,1,1,1,1,0,0,1,0,0,0,1,1,0,0,1,1,1,1
71292.0,1.0,2.0,102.0,1,1,1,0,1,1,1,1,1,0,0,0,0,1,0,0,1,0,0,0,1,0,0,0,1,0,0,1
65808.0,3.0,2.5,170.0,1,1,0,1,1,1,1,1,1,1,1,0,1,1,0,0,1,0,0,0,1,1,0,0,1,1,1,1
46614.0,1.0,1.5,73.0,0,0,0,0,0,1,1,0,0,0,0,0,0,1,0,0,0,0,0,1,0,0,0,0,1,0,0,0
87744.0,1.0,1.5,67.0,1,0,0,1,0,1,1,0,1,0,0,0,0,1,0,0,0,0,0,1,1,1,0,0,1,0,1,1
65808.0,1.0,1.5,86.0,1,0,1,1,0,1,1,1,1,0,0,0,0,1,0,1,1,0,0,1,1,1,0,0,1,0,1,1
134358.0,1.0,1.5,90.0,1,1,1,0,0,1,0,0,1,0,0,0,0,1,0,1,1,0,0,0,1,0,0,0,1,0,0,1
63066.00000000001,1.0,1.5,68.0,1,1,1,0,0,1,0,0,1,0,0,0,1,0,0,0,0,0,0,0,1,0,0,0,1,0,1,1
76776.0,2.0,2.5,112.0,1,1,1,0,1,1,1,1,1,0,1,0,0,1,0,0,1,0,0,0,1,0,0,0,1,0,1,1
82260.0,2.0,2.5,80.0,1,1,1,1,0,1,1,1,1,0,0,0,0,1,0,0,1,0,0,1,1,1,0,0,1,1,1,1
54840.0,1.0,1.5,86.0,1,1,1,1,0,1,1,1,1,0,0,0,1,1,0,1,1,0,0,1,1,1,0,0,1,0,1,1
71292.0,1.0,1.5,65.0,1,1,1,1,1,1,1,1,1,0,0,0,0,1,0,0,1,0,0,1,1,0,0,0,1,0,0,0
74033.99999999999,1.0,1.5,90.0,1,1,1,1,1,1,1,1,1,0,0,0,0,1,0,1,1,0,0,1,1,1,0,0,1,0,0,1
134358.0,1.0,1.5,90.0,1,1,1,1,1,1,0,1,1,0,0,0,0,1,0,1,1,0,0,0,1,0,0,0,1,0,0,1
57582.0,1.0,1.5,84.0,1,1,1,0,1,1,1,0,0,0,0,0,0,0,0,1,1,0,0,0,1,0,0,0,1,0,1,1
90486.0,1.0,1.5,78.0,1,1,0,1,0,1,1,0,1,0,0,0,0,1,0,0,1,0,0,1,1,0,0,0,1,0,0,1
60324.00000000001,1.0,2.0,83.0,1,1,1,1,1,1,1,1,1,0,1,1,1,1,1,0,1,0,0,1,1,1,1,1,1,1,1,1
63066.00000000001,1.0,1.5,84.0,1,1,1,0,0,1,0,0,1,1,0,0,0,0,0,1,1,0,0,0,1,0,0,0,1,0,0,1
71292.0,1.0,1.5,65.0,1,1,1,1,1,1,1,1,1,0,0,0,1,1,0,0,1,0,0,1,1,0,0,0,1,0,0,1
71292.0,3.0,2.5,160.0,1,0,0,0,0,1,1,0,0,1,0,0,0,0,0,0,1,0,0,0,1,1,0,0,1,0,0,0
90486.0,1.0,1.5,78.0,1,1,1,0,0,1,1,0,1,0,0,0,0,1,0,0,1,0,0,1,1,0,0,0,1,0,0,1
76776.0,3.0,2.5,185.0,0,0,0,0,0,1,1,0,0,0,0,0,0,0,0,0,0,0,0,0,1,0,0,0,1,0,0,0
76776.0,1.0,2.0,80.0,0,0,1,0,0,1,1,0,0,0,0,0,0,1,0,0,1,0,0,1,1,0,0,0,1,0,1,0
90486.0,1.0,2.0,89.0,0,0,1,0,0,1,0,0,0,0,0,0,0,1,0,0,1,0,0,1,1,0,0,0,1,0,1,0
137100.0,2.0,2.0,98.0,0,1,1,0,0,1,1,0,1,0,0,0,0,1,0,0,1,0,0,0,1,0,0,0,1,0,0,1
71292.0,1.0,1.5,83.0,0,0,1,0,0,1,0,0,0,0,0,0,0,0,0,0,1,0,0,1,1,0,0,0,1,0,1,0
41130.0,2.0,1.0,90.0,0,0,0,0,0,0,0,1,0,1,0,0,0,0,0,0,0,0,0,0,0,1,0,0,1,0,0,0
137100.0,3.0,3.5,270.0,1,0,0,0,0,1,1,1,1,1,0,0,0,0,0,0,1,0,0,0,1,1,0,0,1,1,0,0
71292.0,1.0,2.0,89.0,0,0,1,0,0,1,0,0,0,0,0,0,0,1,0,0,1,0,0,1,0,0,0,0,1,0,1,0
137100.0,3.0,3.5,213.0,1,0,0,1,0,1,0,1,1,1,1,0,0,1,0,0,1,0,0,0,1,1,0,1,1,1,0,1
65808.0,2.0,2.5,125.0,1,0,1,0,0,0,1,0,1,0,0,0,0,0,0,0,0,0,0,0,0,0,0,0,1,0,0,1
93228.0,1.0,2.0,83.0,0,1,0,0,0,0,0,1,0,0,0,0,0,1,0,0,0,0,0,1,0,1,0,0,1,0,1,0
87744.0,2.0,2.5,136.0,1,0,0,0,0,0,1,0,0,1,0,0,0,0,0,0,0,0,0,0,0,0,0,0,1,0,0,0
137100.0,2.0,2.5,145.0,0,0,0,0,0,1,0,0,0,0,0,0,0,1,0,1,1,0,0,0,0,0,0,0,1,0,0,0
63066.00000000001,1.0,1.5,80.0,1,1,0,0,0,1,0,0,0,0,0,0,0,1,0,0,0,0,0,1,1,1,0,0,1,0,0,0
65808.0,2.0,2.5,148.0,1,1,0,0,0,1,0,1,0,1,0,0,0,0,0,0,0,0,0,0,1,1,0,0,1,0,0,0
60324.00000000001,1.0,1.5,127.0,1,1,1,0,0,1,0,1,0,0,0,0,0,1,0,0,1,0,0,0,1,0,0,0,1,1,1,1
98712.0,3.0,2.0,205.0,1,1,0,1,0,1,1,1,1,1,0,0,0,1,0,0,1,0,0,1,1,1,0,0,1,0,1,0
87744.0,2.0,2.5,136.0,1,0,0,0,0,1,1,1,0,0,1,0,0,0,0,0,1,0,0,0,1,1,0,0,1,0,1,0
71292.0,3.0,2.5,160.0,1,0,0,0,0,1,1,0,0,0,0,0,0,0,0,0,1,0,0,0,0,1,0,0,1,0,0,0
65808.0,1.0,2.0,121.0,1,0,1,0,0,1,0,0,0,0,0,0,1,1,0,1,1,0,0,1,1,0,0,1,1,0,1,1
128874.00000000001,3.0,2.5,189.0,1,1,1,1,0,1,1,1,1,0,0,0,1,1,1,0,1,0,0,1,1,1,0,0,1,0,1,1
82260.0,3.0,3.5,218.0,1,1,1,0,1,1,1,1,1,1,0,1,0,0,0,0,1,0,0,0,1,1,0,0,1,0,0,1
54840.0,1.0,1.5,58.0,1,1,1,1,0,1,1,1,1,0,0,0,0,1,0,0,1,0,0,0,1,1,0,0,1,0,0,1
93228.0,3.0,3.0,300.0,0,1,1,0,0,1,1,1,1,0,0,0,0,0,0,0,1,0,0,0,1,1,0,0,1,0,0,1
76776.0,2.0,2.0,75.0,0,0,0,0,0,1,1,0,0,0,0,0,0,0,0,0,0,0,0,0,0,0,0,0,1,0,0,0
126132.00000000001,3.0,2.5,205.0,1,1,1,1,0,1,1,1,0,1,0,0,0,1,0,0,1,0,0,1,1,1,0,0,1,0,1,1
65808.0,2.0,2.0,250.0,1,1,0,0,0,1,1,0,0,1,0,0,0,1,0,0,1,0,0,1,1,1,0,0,1,0,0,0
134358.0,3.0,3.5,275.0,1,1,1,1,1,1,1,1,1,1,1,1,1,1,1,0,1,0,0,0,1,1,1,0,1,1,0,1
76776.0,2.0,2.5,104.0,1,0,0,0,0,1,0,0,0,0,0,0,0,1,0,0,1,0,0,0,1,0,0,0,1,0,0,0
76776.0,2.0,2.5,104.0,1,1,1,0,0,1,0,1,1,0,1,0,0,1,1,0,0,0,0,0,1,1,0,0,1,0,1,1
98712.0,1.0,1.5,76.0,1,0,0,1,0,1,0,0,1,0,0,0,0,1,0,1,1,0,0,1,0,0,0,0,1,0,1,0
76776.0,2.0,2.5,185.0,1,1,1,1,1,1,1,1,1,1,1,1,1,0,0,1,0,0,0,0,1,1,1,0,1,1,1,1
137100.0,2.0,2.5,105.0,1,0,0,0,0,1,1,0,1,0,0,0,0,1,0,0,1,0,0,1,1,0,0,1,1,0,0,1
115164.0,2.0,2.5,125.0,1,1,1,1,0,1,1,1,1,1,0,0,0,1,0,0,1,0,0,1,1,1,0,0,1,0,1,1
87195.6,2.0,2.5,138.0,1,0,1,0,0,1,1,0,0,0,0,0,0,1,0,0,0,0,0,1,0,0,0,0,1,1,0,1
137100.0,3.0,3.5,265.0,1,1,1,1,1,1,1,0,1,1,1,1,1,1,0,1,1,0,0,1,1,1,1,1,1,1,1,1
33820.17898581751,3.0,2.0,169.0,0,0,0,1,0,0,0,0,0,0,0,0,0,1,0,0,0,0,0,1,0,0,0,0,1,0,0,1
137100.0,2.0,2.5,145.0,1,0,0,0,0,1,1,1,1,1,0,0,0,0,0,1,1,0,0,0,1,0,0,0,1,0,1,1
65808.0,1.0,2.0,72.0,0,0,0,1,0,0,1,0,0,0,0,0,0,1,0,0,1,0,0,0,0,0,0,0,1,0,0,0
137100.0,2.0,2.5,105.0,1,1,1,1,0,1,1,1,1,0,0,0,0,1,0,1,1,0,0,0,1,1,0,0,1,0,1,1
137100.0,3.0,3.5,275.0,1,1,1,1,1,1,1,1,1,1,1,1,1,1,0,0,1,0,0,1,1,1,1,1,1,0,1,1
85002.0,2.0,2.5,93.0,1,0,1,1,0,1,1,0,1,0,0,0,0,1,0,0,1,0,0,1,1,0,0,1,1,0,0,1
98712.0,1.0,1.5,76.0,1,0,0,0,0,1,0,0,1,0,0,0,0,1,0,0,1,0,0,1,1,0,0,0,1,0,1,0
76776.0,2.0,2.5,102.0,1,0,1,1,1,1,1,0,0,1,0,0,0,1,0,1,1,0,0,0,1,0,0,0,1,0,1,1
33820.17898581751,1.0,1.0,48.0,0,1,1,0,0,0,1,1,0,0,0,1,0,0,0,0,0,0,0,0,0,0,0,0,1,0,0,0
41130.0,1.0,1.0,50.0,0,0,1,0,0,0,0,0,1,0,0,0,0,0,1,0,0,0,0,0,0,0,0,0,1,0,0,1
104196.0,2.0,2.0,86.0,0,1,1,1,0,1,1,0,0,0,0,0,0,1,0,0,1,0,0,1,1,0,0,0,1,0,0,1
63066.00000000001,1.0,1.5,65.0,1,0,1,0,0,1,0,0,1,1,0,0,0,0,0,0,1,0,0,0,1,0,0,0,1,0,1,1
41130.0,1.0,1.0,75.0,0,1,1,0,0,1,0,0,1,0,0,0,0,0,0,0,0,0,0,0,1,1,0,0,1,0,0,0
65808.0,2.0,2.5,125.0,1,0,1,0,1,0,1,0,0,1,0,0,0,0,0,0,0,0,0,0,0,0,0,0,1,0,0,0
104196.0,2.0,2.0,86.0,0,1,1,1,0,1,1,0,0,0,0,0,0,1,0,0,1,0,0,1,0,0,0,0,1,0,0,1
68550.0,1.0,1.5,68.0,1,1,1,1,0,1,1,0,0,0,0,0,0,1,0,0,1,0,0,0,0,0,0,0,1,0,0,1
52098.0,2.0,2.0,100.0,0,0,1,0,0,1,0,0,1,0,0,0,0,0,0,0,1,0,0,0,0,0,0,0,1,0,0,0
98712.0,3.0,3.5,250.0,1,1,1,1,1,1,1,0,1,1,1,1,0,0,0,0,1,0,0,0,1,1,0,0,1,1,1,1
35646.0,2.0,1.0,85.0,1,1,1,0,0,1,1,1,1,0,0,0,0,0,0,1,0,0,0,0,1,1,0,0,1,0,0,0
93228.0,1.0,1.5,106.0,1,0,1,0,0,1,1,0,1,0,0,1,0,1,0,0,1,0,0,1,1,0,0,0,1,0,0,1
137100.0,2.0,2.5,145.0,1,1,1,0,0,1,0,0,0,1,0,0,0,1,0,1,1,0,0,0,1,0,0,0,1,0,0,0
65808.0,1.0,1.5,65.0,1,0,1,0,0,1,1,0,1,0,0,0,0,0,0,0,0,0,0,0,1,0,0,0,1,1,1,1
46614.0,2.0,2.0,75.0,0,0,0,0,0,1,0,0,1,0,0,0,0,0,0,0,1,0,0,0,0,0,0,0,1,0,0,1
137100.0,3.0,3.5,160.0,1,0,1,0,0,1,1,0,1,1,0,0,0,1,0,0,1,0,0,0,1,0,0,0,1,0,0,1
115164.0,3.0,2.5,174.0,1,1,1,0,1,1,1,1,1,1,0,0,0,0,0,0,1,0,0,0,1,0,0,0,1,0,0,0
142584.0,2.0,2.5,106.0,1,0,1,0,0,1,1,0,1,0,0,0,0,1,0,0,0,0,0,1,1,0,0,1,1,1,0,0
54840.0,1.0,1.0,60.0,0,1,1,0,0,1,0,0,1,1,0,0,0,1,0,0,1,0,0,1,1,0,0,1,1,0,1,0
93228.0,2.0,2.5,150.0,1,0,1,0,0,1,1,0,1,1,0,0,0,1,0,0,1,0,0,1,1,0,0,0,1,1,0,1
76776.0,2.0,2.5,104.0,1,0,1,0,0,1,1,0,1,0,0,0,0,1,0,0,1,0,0,0,1,0,0,0,1,0,0,0
60324.00000000001,1.0,1.5,101.0,1,0,0,0,0,1,1,0,1,0,0,0,0,1,0,0,1,0,0,0,1,0,0,0,1,0,1,0
238883.04,3.0,4.5,435.0,1,1,1,1,1,1,0,0,0,1,1,0,0,0,0,0,1,0,0,0,1,0,0,0,1,0,1,1
137100.0,3.0,3.5,265.0,1,1,1,1,1,1,1,0,1,1,1,1,1,1,0,1,1,0,0,1,1,1,1,1,1,1,1,1
60324.00000000001,1.0,1.0,70.0,0,0,0,0,0,0,0,0,0,0,0,0,0,0,0,0,0,0,0,0,0,0,0,0,1,0,0,0
822600.0,3.0,2.0,80.0,0,0,0,0,0,0,0,0,0,0,0,0,0,0,0,0,0,0,0,0,0,0,0,0,1,0,1,0
46614.0,1.0,1.0,80.0,0,0,0,0,0,1,0,0,0,0,0,0,0,0,0,0,0,0,0,0,0,0,0,0,1,0,0,0
38388.0,1.0,1.0,70.0,0,0,0,0,0,1,0,0,0,0,0,0,0,1,0,0,1,0,0,0,0,0,0,0,1,0,0,0
87744.0,1.0,1.0,70.0,0,0,0,0,0,0,0,0,0,0,0,0,0,0,0,0,0,0,0,0,0,0,0,0,1,0,0,0
82260.0,3.0,1.0,204.0,0,0,0,0,0,0,0,0,0,0,0,0,0,0,0,0,0,0,0,0,0,0,0,0,1,1,0,0
57582.0,2.0,1.0,110.0,0,0,0,0,0,0,0,0,0,0,0,0,0,1,0,0,0,0,0,1,0,0,0,0,1,0,0,0
57582.0,2.0,1.0,110.0,0,0,0,0,0,0,0,0,0,0,0,0,0,1,0,0,0,0,0,1,0,0,0,0,1,0,0,0
38388.0,1.0,1.0,70.0,0,0,0,0,0,1,0,0,0,0,0,0,0,1,0,0,1,0,0,0,0,0,0,0,1,0,0,0
76776.0,2.0,2.0,120.0,0,0,0,0,0,0,0,0,0,0,0,0,0,0,0,0,0,0,0,0,0,0,0,0,1,0,0,0
822600.0,3.0,2.0,80.0,0,0,0,0,0,0,0,0,0,0,0,0,0,0,0,0,0,0,0,0,0,0,0,0,1,0,1,0
57582.0,2.0,1.0,105.0,0,0,0,0,0,1,0,0,0,0,0,0,0,0,0,0,0,0,0,0,0,0,0,0,1,0,0,0
822600.0,3.0,2.0,80.0,0,0,0,0,0,0,0,0,0,0,0,0,0,0,0,0,0,0,0,0,0,0,0,0,1,0,1,0
98712.0,2.0,1.0,150.0,0,0,0,0,0,0,0,0,0,0,0,0,0,1,0,0,1,0,0,1,0,0,0,1,1,0,1,0
87744.0,1.0,1.0,70.0,0,0,0,0,0,0,0,0,0,0,0,0,0,0,0,0,0,0,0,0,0,0,0,0,1,0,0,0
82260.0,3.0,1.0,204.0,0,0,0,0,0,0,0,0,0,0,0,0,0,0,0,0,0,0,0,0,0,0,0,0,1,1,0,0
46614.0,1.0,1.0,80.0,0,0,0,0,0,1,0,0,0,0,0,0,0,0,0,0,0,0,0,0,0,0,0,0,1,0,0,0
76776.0,2.0,2.0,120.0,0,0,0,0,0,0,0,0,0,0,0,0,0,0,0,0,0,0,0,0,0,0,0,0,1,0,0,0
822600.0,3.0,2.0,80.0,0,0,0,0,0,0,0,0,0,0,0,0,0,0,0,0,0,0,0,0,0,0,0,0,1,0,1,0
57582.0,2.0,1.0,105.0,0,0,0,0,0,1,0,0,0,0,0,0,0,0,0,0,0,0,0,0,0,0,0,0,1,0,0,0
38388.0,1.0,1.0,70.0,0,0,0,0,0,1,0,0,0,0,0,0,0,1,0,0,1,0,0,0,0,0,0,0,1,0,0,0
82260.0,3.0,1.0,204.0,0,0,0,0,0,0,0,0,0,0,0,0,0,0,0,0,0,0,0,0,0,0,0,0,1,1,0,0
65808.0,1.0,1.0,70.0,0,0,0,0,0,0,0,0,0,0,0,0,0,1,0,0,1,0,0,0,0,0,0,0,1,0,0,0
82260.0,3.0,1.0,204.0,0,0,0,0,0,0,0,0,0,0,0,0,0,0,0,0,0,0,0,0,0,0,0,0,1,1,0,0
38388.0,1.0,1.0,70.0,0,0,0,0,0,1,0,0,0,0,0,0,0,1,0,0,1,0,0,0,0,0,0,0,1,0,0,0
87744.0,1.0,1.0,70.0,0,0,0,0,0,0,0,0,0,0,0,0,0,0,0,0,0,0,0,0,0,0,0,0,1,0,0,0
822600.0,3.0,2.0,80.0,0,0,0,0,0,0,0,0,0,0,0,0,0,0,0,0,0,0,0,0,0,0,0,0,1,0,1,0
98712.0,2.0,1.0,150.0,0,0,0,0,0,0,0,0,0,0,0,0,0,1,0,0,1,0,0,1,0,0,0,1,1,0,1,0
57582.0,2.0,1.0,105.0,0,0,0,0,0,1,0,0,0,0,0,0,0,0,0,0,0,0,0,0,0,0,0,0,1,0,0,0
76776.0,2.0,2.0,120.0,0,0,0,0,0,0,0,0,0,0,0,0,0,0,0,0,0,0,0,0,0,0,0,0,1,0,0,0
46614.0,1.0,1.0,80.0,0,0,0,0,0,1,0,0,0,0,0,0,0,0,0,0,0,0,0,0,0,0,0,0,1,0,0,0
57582.0,2.0,1.0,110.0,0,0,0,0,0,0,0,0,0,0,0,0,0,1,0,0,0,0,0,1,0,0,0,0,1,0,0,0
98712.0,2.0,1.0,150.0,0,0,0,0,0,0,0,0,0,0,0,0,0,1,0,0,1,0,0,1,0,0,0,1,1,0,1,0
822600.0,3.0,2.0,80.0,0,0,0,0,0,0,0,0,0,0,0,0,0,0,0,0,0,0,0,0,0,0,0,0,1,0,1,0
65808.0,1.0,1.0,70.0,0,0,0,0,0,0,0,0,0,0,0,0,0,1,0,0,1,0,0,0,0,0,0,0,1,0,0,0
57582.0,2.0,1.0,105.0,0,0,0,0,0,1,0,0,0,0,0,0,0,0,0,0,0,0,0,0,0,0,0,0,1,0,0,0
82260.0,3.0,1.0,204.0,0,0,0,0,0,0,0,0,0,0,0,0,0,0,0,0,0,0,0,0,0,0,0,0,1,1,0,0
76776.0,2.0,2.0,120.0,0,0,0,0,0,0,0,0,0,0,0,0,0,0,0,0,0,0,0,0,0,0,0,0,1,0,0,0
87744.0,1.0,1.0,70.0,0,0,0,0,0,0,0,0,0,0,0,0,0,0,0,0,0,0,0,0,0,0,0,0,1,0,0,0
46614.0,1.0,1.0,80.0,0,0,0,0,0,1,0,0,0,0,0,0,0,0,0,0,0,0,0,0,0,0,0,0,1,0,0,0
98712.0,2.0,1.0,150.0,0,0,0,0,0,0,0,0,0,0,0,0,0,1,0,0,1,0,0,1,0,0,0,1,1,0,1,0
38388.0,1.0,1.0,70.0,0,0,0,0,0,1,0,0,0,0,0,0,0,1,0,0,1,0,0,0,0,0,0,0,1,0,0,0
822600.0,3.0,2.0,80.0,0,0,0,0,0,0,0,0,0,0,0,0,0,0,0,0,0,0,0,0,0,0,0,0,1,0,1,0
65808.0,1.0,1.0,70.0,0,0,0,0,0,0,0,0,0,0,0,0,0,1,0,0,1,0,0,0,0,0,0,0,1,0,0,0
57582.0,2.0,1.0,110.0,0,0,0,0,0,0,0,0,0,0,0,0,0,1,0,0,0,0,0,1,0,0,0,0,1,0,0,0
57582.0,2.0,1.0,105.0,0,0,0,0,0,1,0,0,0,0,0,0,0,0,0,0,0,0,0,0,0,0,0,0,1,0,0,0
82260.0,3.0,1.0,204.0,0,0,0,0,0,0,0,0,0,0,0,0,0,0,0,0,0,0,0,0,0,0,0,0,1,1,0,0
76776.0,2.0,2.0,120.0,0,0,0,0,0,0,0,0,0,0,0,0,0,0,0,0,0,0,0,0,0,0,0,0,1,0,0,0
60324.00000000001,1.0,1.0,70.0,0,0,0,0,0,0,0,0,0,0,0,0,0,0,0,0,0,0,0,0,0,0,0,0,1,0,0,0
87744.0,1.0,1.0,70.0,0,0,0,0,0,0,0,0,0,0,0,0,0,0,0,0,0,0,0,0,0,0,0,0,1,0,0,0
46614.0,1.0,1.0,80.0,0,0,0,0,0,1,0,0,0,0,0,0,0,0,0,0,0,0,0,0,0,0,0,0,1,0,0,0
54840.0,2.0,1.0,125.0,0,0,0,0,0,0,0,0,0,0,0,0,0,0,0,0,0,0,0,0,0,0,0,0,1,0,0,0
98712.0,2.0,1.0,150.0,0,0,0,0,0,0,0,0,0,0,0,0,0,1,0,0,1,0,0,1,0,0,0,1,1,0,1,0
87744.0,1.0,1.0,70.0,0,0,0,0,0,0,0,0,0,0,0,0,0,0,0,0,0,0,0,0,0,0,0,0,1,0,0,0
38388.0,1.0,1.0,70.0,0,0,0,0,0,1,0,0,0,0,0,0,0,1,0,0,1,0,0,0,0,0,0,0,1,0,0,0
76776.0,2.0,2.0,120.0,0,0,0,0,0,0,0,0,0,0,0,0,0,0,0,0,0,0,0,0,0,0,0,0,1,0,0,0
82260.0,3.0,1.0,204.0,0,0,0,0,0,0,0,0,0,0,0,0,0,0,0,0,0,0,0,0,0,0,0,0,1,1,0,0
54840.0,2.0,1.0,125.0,0,0,0,0,0,0,0,0,0,0,0,0,0,0,0,0,0,0,0,0,0,0,0,0,1,0,0,0
65808.0,1.0,1.0,70.0,0,0,0,0,0,0,0,0,0,0,0,0,0,1,0,0,1,0,0,0,0,0,0,0,1,0,0,0
57582.0,2.0,1.0,105.0,0,0,0,0,0,1,0,0,0,0,0,0,0,0,0,0,0,0,0,0,0,0,0,0,1,0,0,0
57582.0,2.0,1.0,110.0,0,0,0,0,0,0,0,0,0,0,0,0,0,1,0,0,0,0,0,1,0,0,0,0,1,0,0,0
46614.0,1.0,1.0,80.0,0,0,0,0,0,1,0,0,0,0,0,0,0,0,0,0,0,0,0,0,0,0,0,0,1,0,0,0
822600.0,3.0,2.0,80.0,0,0,0,0,0,0,0,0,0,0,0,0,0,0,0,0,0,0,0,0,0,0,0,0,1,0,1,0
60324.00000000001,1.0,1.0,70.0,0,0,0,0,0,0,0,0,0,0,0,0,0,0,0,0,0,0,0,0,0,0,0,0,1,0,0,0
98712.0,2.0,1.0,150.0,0,0,0,0,0,0,0,0,0,0,0,0,0,1,0,0,1,0,0,1,0,0,0,1,1,0,1,0
65808.0,1.0,1.0,70.0,0,0,0,0,0,0,0,0,0,0,0,0,0,1,0,0,1,0,0,0,0,0,0,0,1,0,0,0
822600.0,3.0,2.0,80.0,0,0,0,0,0,0,0,0,0,0,0,0,0,0,0,0,0,0,0,0,0,0,0,0,1,0,1,0
46614.0,1.0,1.0,80.0,0,0,0,0,0,1,0,0,0,0,0,0,0,0,0,0,0,0,0,0,0,0,0,0,1,0,0,0
38388.0,1.0,1.0,70.0,0,0,0,0,0,1,0,0,0,0,0,0,0,1,0,0,1,0,0,0,0,0,0,0,1,0,0,0
87744.0,1.0,1.0,70.0,0,0,0,0,0,0,0,0,0,0,0,0,0,0,0,0,0,0,0,0,0,0,0,0,1,0,0,0
54840.0,2.0,1.0,125.0,0,0,0,0,0,0,0,0,0,0,0,0,0,0,0,0,0,0,0,0,0,0,0,0,1,0,0,0
82260.0,3.0,1.0,204.0,0,0,0,0,0,0,0,0,0,0,0,0,0,0,0,0,0,0,0,0,0,0,0,0,1,1,0,0
57582.0,2.0,1.0,110.0,0,0,0,0,0,0,0,0,0,0,0,0,0,1,0,0,0,0,0,1,0,0,0,0,1,0,0,0
57582.0,2.0,1.0,110.0,0,0,0,0,0,0,0,0,0,0,0,0,0,1,0,0,0,0,0,1,0,0,0,0,1,0,0,0
82260.0,3.0,1.0,204.0,0,0,0,0,0,0,0,0,0,0,0,0,0,0,0,0,0,0,0,0,0,0,0,0,1,1,0,0
38388.0,1.0,1.0,70.0,0,0,0,0,0,1,0,0,0,0,0,0,0,1,0,0,1,0,0,0,0,0,0,0,1,0,0,0
65808.0,1.0,1.0,70.0,0,0,0,0,0,0,0,0,0,0,0,0,0,1,0,0,1,0,0,0,0,0,0,0,1,0,0,0
76776.0,2.0,2.0,120.0,0,0,0,0,0,0,0,0,0,0,0,0,0,0,0,0,0,0,0,0,0,0,0,0,1,0,0,0
98712.0,2.0,1.0,150.0,0,0,0,0,0,0,0,0,0,0,0,0,0,1,0,0,1,0,0,1,0,0,0,1,1,0,1,0
46614.0,1.0,1.0,80.0,0,0,0,0,0,1,0,0,0,0,0,0,0,0,0,0,0,0,0,0,0,0,0,0,1,0,0,0
822600.0,3.0,2.0,80.0,0,0,0,0,0,0,0,0,0,0,0,0,0,0,0,0,0,0,0,0,0,0,0,0,1,0,1,0
57582.0,2.0,1.0,105.0,0,0,0,0,0,1,0,0,0,0,0,0,0,0,0,0,0,0,0,0,0,0,0,0,1,0,0,0
54840.0,2.0,1.0,125.0,0,0,0,0,0,0,0,0,0,0,0,0,0,0,0,0,0,0,0,0,0,0,0,0,1,0,0,0
87744.0,1.0,1.0,70.0,0,0,0,0,0,0,0,0,0,0,0,0,0,0,0,0,0,0,0,0,0,0,0,0,1,0,0,0
60324.00000000001,1.0,1.0,70.0,0,0,0,0,0,0,0,0,0,0,0,0,0,0,0,0,0,0,0,0,0,0,0,0,1,0,0,0
60324.00000000001,1.0,1.0,70.0,0,0,0,0,0,0,0,0,0,0,0,0,0,0,0,0,0,0,0,0,0,0,0,0,1,0,0,0
57582.0,2.0,1.0,110.0,0,0,0,0,0,0,0,0,0,0,0,0,0,1,0,0,0,0,0,1,0,0,0,0,1,0,0,0
76776.0,2.0,2.0,120.0,0,0,0,0,0,0,0,0,0,0,0,0,0,0,0,0,0,0,0,0,0,0,0,0,1,0,0,0
65808.0,1.0,1.0,70.0,0,0,0,0,0,0,0,0,0,0,0,0,0,1,0,0,1,0,0,0,0,0,0,0,1,0,0,0
822600.0,3.0,2.0,80.0,0,0,0,0,0,0,0,0,0,0,0,0,0,0,0,0,0,0,0,0,0,0,0,0,1,0,1,0
98712.0,2.0,1.0,150.0,0,0,0,0,0,0,0,0,0,0,0,0,0,1,0,0,1,0,0,1,0,0,0,1,1,0,1,0
87744.0,1.0,1.0,70.0,0,0,0,0,0,0,0,0,0,0,0,0,0,0,0,0,0,0,0,0,0,0,0,0,1,0,0,0
54840.0,2.0,1.0,125.0,0,0,0,0,0,0,0,0,0,0,0,0,0,0,0,0,0,0,0,0,0,0,0,0,1,0,0,0
38388.0,1.0,1.0,70.0,0,0,0,0,0,1,0,0,0,0,0,0,0,1,0,0,1,0,0,0,0,0,0,0,1,0,0,0
82260.0,3.0,1.0,204.0,0,0,0,0,0,0,0,0,0,0,0,0,0,0,0,0,0,0,0,0,0,0,0,0,1,1,0,0
46614.0,1.0,1.0,80.0,0,0,0,0,0,1,0,0,0,0,0,0,0,0,0,0,0,0,0,0,0,0,0,0,1,0,0,0
57582.0,2.0,1.0,105.0,0,0,0,0,0,1,0,0,0,0,0,0,0,0,0,0,0,0,0,0,0,0,0,0,1,0,0,0
46614.0,1.0,1.0,80.0,0,0,0,0,0,1,0,0,0,0,0,0,0,0,0,0,0,0,0,0,0,0,0,0,1,0,0,0
76776.0,2.0,2.0,120.0,0,0,0,0,0,0,0,0,0,0,0,0,0,0,0,0,0,0,0,0,0,0,0,0,1,0,0,0
60324.00000000001,1.0,1.0,70.0,0,0,0,0,0,0,0,0,0,0,0,0,0,0,0,0,0,0,0,0,0,0,0,0,1,0,0,0
98712.0,2.0,1.0,150.0,0,0,0,0,0,0,0,0,0,0,0,0,0,1,0,0,1,0,0,1,0,0,0,1,1,0,1,0
57582.0,2.0,1.0,110.0,0,0,0,0,0,0,0,0,0,0,0,0,0,1,0,0,0,0,0,1,0,0,0,0,1,0,0,0
65808.0,1.0,1.0,70.0,0,0,0,0,0,0,0,0,0,0,0,0,0,1,0,0,1,0,0,0,0,0,0,0,1,0,0,0
87744.0,1.0,1.0,70.0,0,0,0,0,0,0,0,0,0,0,0,0,0,0,0,0,0,0,0,0,0,0,0,0,1,0,0,0
822600.0,3.0,2.0,80.0,0,0,0,0,0,0,0,0,0,0,0,0,0,0,0,0,0,0,0,0,0,0,0,0,1,0,1,0
57582.0,2.0,1.0,105.0,0,0,0,0,0,1,0,0,0,0,0,0,0,0,0,0,0,0,0,0,0,0,0,0,1,0,0,0
38388.0,1.0,1.0,70.0,0,0,0,0,0,1,0,0,0,0,0,0,0,1,0,0,1,0,0,0,0,0,0,0,1,0,0,0
82260.0,3.0,1.0,204.0,0,0,0,0,0,0,0,0,0,0,0,0,0,0,0,0,0,0,0,0,0,0,0,0,1,1,0,0
54840.0,2.0,1.0,125.0,0,0,0,0,0,0,0,0,0,0,0,0,0,0,0,0,0,0,0,0,0,0,0,0,1,0,0,0
60324.00000000001,1.0,1.0,70.0,0,0,0,0,0,0,0,0,0,0,0,0,0,0,0,0,0,0,0,0,0,0,0,0,1,0,0,0
65808.0,1.0,1.0,70.0,0,0,0,0,0,0,0,0,0,0,0,0,0,1,0,0,1,0,0,0,0,0,0,0,1,0,0,0
82260.0,3.0,1.0,204.0,0,0,0,0,0,0,0,0,0,0,0,0,0,0,0,0,0,0,0,0,0,0,0,0,1,1,0,0
38388.0,1.0,1.0,70.0,0,0,0,0,0,1,0,0,0,0,0,0,0,1,0,0,1,0,0,0,0,0,0,0,1,0,0,0
87744.0,1.0,1.0,70.0,0,0,0,0,0,0,0,0,0,0,0,0,0,0,0,0,0,0,0,0,0,0,0,0,1,0,0,0
822600.0,3.0,2.0,80.0,0,0,0,0,0,0,0,0,0,0,0,0,0,0,0,0,0,0,0,0,0,0,0,0,1,0,1,0
98712.0,2.0,1.0,150.0,0,0,0,0,0,0,0,0,0,0,0,0,0,1,0,0,1,0,0,1,0,0,0,1,1,0,1,0
57582.0,2.0,1.0,105.0,0,0,0,0,0,1,0,0,0,0,0,0,0,0,0,0,0,0,0,0,0,0,0,0,1,0,0,0
76776.0,2.0,2.0,120.0,0,0,0,0,0,0,0,0,0,0,0,0,0,0,0,0,0,0,0,0,0,0,0,0,1,0,0,0
46614.0,1.0,1.0,80.0,0,0,0,0,0,1,0,0,0,0,0,0,0,0,0,0,0,0,0,0,0,0,0,0,1,0,0,0
54840.0,2.0,1.0,125.0,0,0,0,0,0,0,0,0,0,0,0,0,0,0,0,0,0,0,0,0,0,0,0,0,1,0,0,0
57582.0,2.0,1.0,110.0,0,0,0,0,0,0,0,0,0,0,0,0,0,1,0,0,0,0,0,1,0,0,0,0,1,0,0,0
82260.0,3.0,1.0,204.0,0,0,0,0,0,0,0,0,0,0,0,0,0,0,0,0,0,0,0,0,0,0,0,0,1,1,0,0
54840.0,2.0,1.0,93.0,1,0,0,0,0,1,0,0,0,0,0,0,0,0,0,0,1,0,0,0,0,0,0,0,1,0,0,0
46614.0,1.0,1.0,80.0,0,0,0,0,0,1,0,0,0,0,0,0,0,0,0,0,0,0,0,0,0,0,0,0,1,0,0,0
54840.0,2.0,1.0,125.0,0,0,0,0,0,0,0,0,0,0,0,0,0,0,0,0,0,0,0,0,0,0,0,0,1,0,0,0
76776.0,2.0,2.0,120.0,0,0,0,0,0,0,0,0,0,0,0,0,0,0,0,0,0,0,0,0,0,0,0,0,1,0,0,0
57582.0,2.0,1.0,110.0,0,0,0,0,0,0,0,0,0,0,0,0,0,1,0,0,0,0,0,1,0,0,0,0,1,0,0,0
71292.0,2.0,1.0,120.0,0,0,0,0,0,0,0,0,0,0,0,0,0,0,0,0,0,0,0,0,0,0,0,0,1,0,0,0
98712.0,2.0,1.0,150.0,0,0,0,0,0,0,0,0,0,0,0,0,0,1,0,0,1,0,0,1,0,0,0,1,1,0,1,0
38388.0,1.0,1.0,70.0,0,0,0,0,0,1,0,0,0,0,0,0,0,1,0,0,1,0,0,0,0,0,0,0,1,0,0,0
57582.0,2.0,1.0,105.0,0,0,0,0,0,1,0,0,0,0,0,0,0,0,0,0,0,0,0,0,0,0,0,0,1,0,0,0
49356.0,2.0,2.0,80.0,0,0,0,0,0,0,0,0,0,0,0,0,0,0,0,0,0,0,0,0,0,0,0,0,1,0,0,0
87744.0,1.0,1.0,70.0,0,0,0,0,0,0,0,0,0,0,0,0,0,0,0,0,0,0,0,0,0,0,0,0,1,0,0,0
87744.0,1.0,1.0,70.0,0,0,0,0,0,0,0,0,0,0,0,0,0,0,0,0,0,0,0,0,0,0,0,0,1,0,0,0
57582.0,2.0,1.0,110.0,0,0,0,0,0,0,0,0,0,0,0,0,0,1,0,0,0,0,0,1,0,0,0,0,1,0,0,0
98712.0,2.0,1.0,150.0,0,0,0,0,0,0,0,0,0,0,0,0,0,1,0,0,1,0,0,1,0,0,0,1,1,0,1,0
46614.0,1.0,1.0,80.0,0,0,0,0,0,1,0,0,0,0,0,0,0,0,0,0,0,0,0,0,0,0,0,0,1,0,0,0
54840.0,2.0,1.0,125.0,0,0,0,0,0,0,0,0,0,0,0,0,0,0,0,0,0,0,0,0,0,0,0,0,1,0,0,0
54840.0,2.0,1.0,93.0,1,0,0,0,0,1,0,0,0,0,0,0,0,0,0,0,1,0,0,0,0,0,0,0,1,0,0,0
71292.0,2.0,1.0,120.0,0,0,0,0,0,0,0,0,0,0,0,0,0,0,0,0,0,0,0,0,0,0,0,0,1,0,0,0
38388.0,1.0,1.0,70.0,0,0,0,0,0,1,0,0,0,0,0,0,0,1,0,0,1,0,0,0,0,0,0,0,1,0,0,0
65808.0,1.0,1.0,70.0,0,0,0,0,0,0,0,0,0,0,0,0,0,1,0,0,1,0,0,0,0,0,0,0,1,0,0,0
57582.0,2.0,1.0,105.0,0,0,0,0,0,1,0,0,0,0,0,0,0,0,0,0,0,0,0,0,0,0,0,0,1,0,0,0
76776.0,2.0,2.0,120.0,0,0,0,0,0,0,0,0,0,0,0,0,0,0,0,0,0,0,0,0,0,0,0,0,1,0,0,0
822600.0,3.0,2.0,80.0,0,0,0,0,0,0,0,0,0,0,0,0,0,0,0,0,0,0,0,0,0,0,0,0,1,0,1,0
87744.0,1.0,1.0,70.0,0,0,0,0,0,0,0,0,0,0,0,0,0,0,0,0,0,0,0,0,0,0,0,0,1,0,0,0
57582.0,2.0,1.0,110.0,0,0,0,0,0,0,0,0,0,0,0,0,0,1,0,0,0,0,0,1,0,0,0,0,1,0,0,0
71292.0,2.0,1.0,120.0,0,0,0,0,0,0,0,0,0,0,0,0,0,0,0,0,0,0,0,0,0,0,0,0,1,0,0,0
46614.0,1.0,1.0,80.0,0,0,0,0,0,1,0,0,0,0,0,0,0,0,0,0,0,0,0,0,0,0,0,0,1,0,0,0
54840.0,2.0,1.0,93.0,1,0,0,0,0,1,0,0,0,0,0,0,0,0,0,0,1,0,0,0,0,0,0,0,1,0,0,0
49356.0,2.0,2.0,80.0,0,0,0,0,0,0,0,0,0,0,0,0,0,0,0,0,0,0,0,0,0,0,0,0,1,0,0,0
54840.0,2.0,1.0,125.0,0,0,0,0,0,0,0,0,0,0,0,0,0,0,0,0,0,0,0,0,0,0,0,0,1,0,0,0
38388.0,1.0,1.0,70.0,0,0,0,0,0,1,0,0,0,0,0,0,0,1,0,0,1,0,0,0,0,0,0,0,1,0,0,0
98712.0,2.0,1.0,150.0,0,0,0,0,0,0,0,0,0,0,0,0,0,1,0,0,1,0,0,1,0,0,0,1,1,0,1,0
38388.0,1.0,1.0,70.0,0,0,0,0,0,1,0,0,0,0,0,0,0,1,0,0,1,0,0,0,0,0,0,0,1,0,0,0
71292.0,2.0,1.0,120.0,0,0,0,0,0,0,0,0,0,0,0,0,0,0,0,0,0,0,0,0,0,0,0,0,1,0,0,0
49356.0,2.0,2.0,80.0,0,0,0,0,0,0,0,0,0,0,0,0,0,0,0,0,0,0,0,0,0,0,0,0,1,0,0,0
98712.0,2.0,1.0,150.0,0,0,0,0,0,0,0,0,0,0,0,0,0,1,0,0,1,0,0,1,0,0,0,1,1,0,1,0
76776.0,2.0,2.0,120.0,0,0,0,0,0,0,0,0,0,0,0,0,0,0,0,0,0,0,0,0,0,0,0,0,1,0,0,0
87744.0,1.0,1.0,70.0,0,0,0,0,0,0,0,0,0,0,0,0,0,0,0,0,0,0,0,0,0,0,0,0,1,0,0,0
57582.0,2.0,1.0,110.0,0,0,0,0,0,0,0,0,0,0,0,0,0,1,0,0,0,0,0,1,0,0,0,0,1,0,0,0
65808.0,1.0,1.0,70.0,0,0,0,0,0,0,0,0,0,0,0,0,0,1,0,0,1,0,0,0,0,0,0,0,1,0,0,0
54840.0,2.0,1.0,125.0,0,0,0,0,0,0,0,0,0,0,0,0,0,0,0,0,0,0,0,0,0,0,0,0,1,0,0,0
822600.0,3.0,2.0,80.0,0,0,0,0,0,0,0,0,0,0,0,0,0,0,0,0,0,0,0,0,0,0,0,0,1,0,1,0
54840.0,2.0,1.0,93.0,1,0,0,0,0,1,0,0,0,0,0,0,0,0,0,0,1,0,0,0,0,0,0,0,1,0,0,0
46614.0,1.0,1.0,80.0,0,0,0,0,0,1,0,0,0,0,0,0,0,0,0,0,0,0,0,0,0,0,0,0,1,0,0,0
57582.0,2.0,1.0,105.0,0,0,0,0,0,1,0,0,0,0,0,0,0,0,0,0,0,0,0,0,0,0,0,0,1,0,0,0
38388.0,1.0,1.0,70.0,0,0,0,0,0,1,0,0,0,0,0,0,0,1,0,0,1,0,0,0,0,0,0,0,1,0,0,0
822600.0,3.0,2.0,80.0,0,0,0,0,0,0,0,0,0,0,0,0,0,0,0,0,0,0,0,0,0,0,0,0,1,0,1,0
49356.0,2.0,2.0,80.0,0,0,0,0,0,0,0,0,0,0,0,0,0,0,0,0,0,0,0,0,0,0,0,0,1,0,0,0
57582.0,2.0,1.0,105.0,0,0,0,0,0,1,0,0,0,0,0,0,0,0,0,0,0,0,0,0,0,0,0,0,1,0,0,0
57582.0,2.0,1.0,110.0,0,0,0,0,0,0,0,0,0,0,0,0,0,1,0,0,0,0,0,1,0,0,0,0,1,0,0,0
87744.0,1.0,1.0,70.0,0,0,0,0,0,0,0,0,0,0,0,0,0,0,0,0,0,0,0,0,0,0,0,0,1,0,0,0
46614.0,1.0,1.0,80.0,0,0,0,0,0,1,0,0,0,0,0,0,0,0,0,0,0,0,0,0,0,0,0,0,1,0,0,0
76776.0,2.0,2.0,120.0,0,0,0,0,0,0,0,0,0,0,0,0,0,0,0,0,0,0,0,0,0,0,0,0,1,0,0,0
54840.0,2.0,1.0,125.0,0,0,0,0,0,0,0,0,0,0,0,0,0,0,0,0,0,0,0,0,0,0,0,0,1,0,0,0
65808.0,1.0,1.0,70.0,0,0,0,0,0,0,0,0,0,0,0,0,0,1,0,0,1,0,0,0,0,0,0,0,1,0,0,0
54840.0,2.0,1.0,93.0,1,0,0,0,0,1,0,0,0,0,0,0,0,0,0,0,1,0,0,0,0,0,0,0,1,0,0,0
98712.0,2.0,1.0,150.0,0,0,0,0,0,0,0,0,0,0,0,0,0,1,0,0,1,0,0,1,0,0,0,1,1,0,1,0
71292.0,2.0,1.0,120.0,0,0,0,0,0,0,0,0,0,0,0,0,0,0,0,0,0,0,0,0,0,0,0,0,1,0,0,0
71292.0,2.0,1.0,120.0,0,0,0,0,0,0,0,0,0,0,0,0,0,0,0,0,0,0,0,0,0,0,0,0,1,0,0,0
46614.0,1.0,1.0,80.0,0,0,0,0,0,1,0,0,0,0,0,0,0,0,0,0,0,0,0,0,0,0,0,0,1,0,0,0
65808.0,1.0,1.0,70.0,0,0,0,0,0,0,0,0,0,0,0,0,0,1,0,0,1,0,0,0,0,0,0,0,1,0,0,0
49356.0,2.0,2.0,80.0,0,0,0,0,0,0,0,0,0,0,0,0,0,0,0,0,0,0,0,0,0,0,0,0,1,0,0,0
57582.0,2.0,1.0,110.0,0,0,0,0,0,0,0,0,0,0,0,0,0,1,0,0,0,0,0,1,0,0,0,0,1,0,0,0
38388.0,1.0,1.0,70.0,0,0,0,0,0,1,0,0,0,0,0,0,0,1,0,0,1,0,0,0,0,0,0,0,1,0,0,0
822600.0,3.0,2.0,80.0,0,0,0,0,0,0,0,0,0,0,0,0,0,0,0,0,0,0,0,0,0,0,0,0,1,0,1,0
54840.0,2.0,1.0,93.0,1,0,0,0,0,1,0,0,0,0,0,0,0,0,0,0,1,0,0,0,0,0,0,0,1,0,0,0
54840.0,2.0,1.0,125.0,0,0,0,0,0,0,0,0,0,0,0,0,0,0,0,0,0,0,0,0,0,0,0,0,1,0,0,0
87744.0,1.0,1.0,70.0,0,0,0,0,0,0,0,0,0,0,0,0,0,0,0,0,0,0,0,0,0,0,0,0,1,0,0,0
76776.0,2.0,2.0,120.0,0,0,0,0,0,0,0,0,0,0,0,0,0,0,0,0,0,0,0,0,0,0,0,0,1,0,0,0
98712.0,2.0,1.0,150.0,0,0,0,0,0,0,0,0,0,0,0,0,0,1,0,0,1,0,0,1,0,0,0,1,1,0,1,0
57582.0,2.0,1.0,105.0,0,0,0,0,0,1,0,0,0,0,0,0,0,0,0,0,0,0,0,0,0,0,0,0,1,0,0,0
65808.0,1.0,1.0,70.0,0,0,0,0,0,0,0,0,0,0,0,0,0,1,0,0,1,0,0,0,0,0,0,0,1,0,0,0
49356.0,2.0,2.0,80.0,0,0,0,0,0,0,0,0,0,0,0,0,0,0,0,0,0,0,0,0,0,0,0,0,1,0,0,0
76776.0,2.0,2.0,120.0,0,0,0,0,0,0,0,0,0,0,0,0,0,0,0,0,0,0,0,0,0,0,0,0,1,0,0,0
38388.0,1.0,1.0,70.0,0,0,0,0,0,1,0,0,0,0,0,0,0,1,0,0,1,0,0,0,0,0,0,0,1,0,0,0
98712.0,2.0,1.0,150.0,0,0,0,0,0,0,0,0,0,0,0,0,0,1,0,0,1,0,0,1,0,0,0,1,1,0,1,0
57582.0,2.0,1.0,110.0,0,0,0,0,0,0,0,0,0,0,0,0,0,1,0,0,0,0,0,1,0,0,0,0,1,0,0,0
87744.0,1.0,1.0,70.0,0,0,0,0,0,0,0,0,0,0,0,0,0,0,0,0,0,0,0,0,0,0,0,0,1,0,0,0
46614.0,1.0,1.0,80.0,0,0,0,0,0,1,0,0,0,0,0,0,0,0,0,0,0,0,0,0,0,0,0,0,1,0,0,0
57582.0,2.0,1.0,105.0,0,0,0,0,0,1,0,0,0,0,0,0,0,0,0,0,0,0,0,0,0,0,0,0,1,0,0,0
822600.0,3.0,2.0,80.0,0,0,0,0,0,0,0,0,0,0,0,0,0,0,0,0,0,0,0,0,0,0,0,0,1,0,1,0
71292.0,2.0,1.0,120.0,0,0,0,0,0,0,0,0,0,0,0,0,0,0,0,0,0,0,0,0,0,0,0,0,1,0,0,0
54840.0,2.0,1.0,125.0,0,0,0,0,0,0,0,0,0,0,0,0,0,0,0,0,0,0,0,0,0,0,0,0,1,0,0,0
54840.0,2.0,1.0,93.0,1,0,0,0,0,1,0,0,0,0,0,0,0,0,0,0,1,0,0,0,0,0,0,0,1,0,0,0
57582.0,2.0,1.0,105.0,0,0,0,0,0,1,0,0,0,0,0,0,0,0,0,0,0,0,0,0,0,0,0,0,1,0,0,0
49356.0,2.0,2.0,80.0,0,0,0,0,0,0,0,0,0,0,0,0,0,0,0,0,0,0,0,0,0,0,0,0,1,0,0,0
98712.0,2.0,1.0,150.0,0,0,0,0,0,0,0,0,0,0,0,0,0,1,0,0,1,0,0,1,0,0,0,1,1,0,1,0
71292.0,2.0,1.0,120.0,0,0,0,0,0,0,0,0,0,0,0,0,0,0,0,0,0,0,0,0,0,0,0,0,1,0,0,0
54840.0,2.0,1.0,93.0,1,0,0,0,0,1,0,0,0,0,0,0,0,0,0,0,1,0,0,0,0,0,0,0,1,0,0,0
65808.0,1.0,1.0,70.0,0,0,0,0,0,0,0,0,0,0,0,0,0,1,0,0,1,0,0,0,0,0,0,0,1,0,0,0
46614.0,1.0,1.0,80.0,0,0,0,0,0,1,0,0,0,0,0,0,0,0,0,0,0,0,0,0,0,0,0,0,1,0,0,0
76776.0,2.0,2.0,120.0,0,0,0,0,0,0,0,0,0,0,0,0,0,0,0,0,0,0,0,0,0,0,0,0,1,0,0,0
822600.0,3.0,2.0,80.0,0,0,0,0,0,0,0,0,0,0,0,0,0,0,0,0,0,0,0,0,0,0,0,0,1,0,1,0
38388.0,1.0,1.0,70.0,0,0,0,0,0,1,0,0,0,0,0,0,0,1,0,0,1,0,0,0,0,0,0,0,1,0,0,0
87744.0,1.0,1.0,70.0,0,0,0,0,0,0,0,0,0,0,0,0,0,0,0,0,0,0,0,0,0,0,0,0,1,0,0,0
57582.0,2.0,1.0,110.0,0,0,0,0,0,0,0,0,0,0,0,0,0,1,0,0,0,0,0,1,0,0,0,0,1,0,0,0
57582.0,2.0,1.0,110.0,0,0,0,0,0,0,0,0,0,0,0,0,0,1,0,0,0,0,0,1,0,0,0,0,1,0,0,0
46614.0,1.0,1.0,80.0,0,0,0,0,0,1,0,0,0,0,0,0,0,0,0,0,0,0,0,0,0,0,0,0,1,0,0,0